sr_no,report_no,customer_name,unit_plant,prepared_by,reviewed_by,approved_by,short_name,part_no,part_type,cavity_no,tolerance_standard,drawing_revision,report_type,report_revision,alignment,report_date,stage_purpose,conclusion,abnormality,remarks
1,MG2026WLS00001,BAJAJ,MSL,SUMIT SABALE,MANGESH DESHMUKH,D. C. PANDIT,CYL. BLOCK,AF101910,CORE BOX,HALF-1,MG STD,,,,BEST-FIT,2026-02-27,DEVELOPMENT,ACCEPTED WITH REMARK,,
2,MG2026WLS00002,BAJAJ,MSL,SUMIT SABALE,MANGESH DESHMUKH,D. C. PANDIT,CYL. BLOCK,AF101910,CORE BOX,HALF-2,MG STD,,,,BEST-FIT,2026-02-27,DEVELOPMENT,ACCEPTED WITH REMARK,,
3,MG2026WLS00003,JCB,MEPL U3,SUMIT SABALE,MANGESH DESHMUKH,MAHESH KARANDE,JCB SP,332/X6020,CORE BOX,HALF-1,MG STD,,,,BEST-FIT,2026-02-28,DEVELOPMENT,ACCEPTED WITH REMARK,,
4,MG2026WLS00004,JCB,MEPL U3,SUMIT SABALE,MANGESH DESHMUKH,MAHESH KARANDE,JCB SP,332/X6020,CORE BOX,HALF-2,MG STD,,,,BEST-FIT,2026-02-28,DEVELOPMENT,ACCEPTED WITH REMARK,,
5,MG2026WLS00005,TVS,MFPL,SUMIT SABALE,MANGESH DESHMUKH,D. C. PANDIT,SAI BOSS,G4010167,COPE,MF-1,MG STD,,,,BEST-FIT,2026-03-04,DEVELOPMENT,ACCEPTED WITH REMARK,,
6,MG2026WLS00006,TVS,MFPL,SUMIT SABALE,MANGESH DESHMUKH,D. C. PANDIT,SAI BOSS,G4010167,DRAG,MF-1,MG STD,,,,BEST-FIT,2026-03-04,DEVELOPMENT,ACCEPTED WITH REMARK,,
7,MG2026WLS00007,HERO,MFPL,SUMIT SABALE,MANGESH DESHMUKH,D. C. PANDIT,ACK CYL BLOCK,12101ACK0000010,CASTING,MF-50,ISO 8062 CT8,,,,BEST-FIT,2026-09-13,DEVELOPMENT,ACCEPTED WITH REMARK,,
8,MG2026WLS00008,HERO,MFPL,SUMIT SABALE,MANGESH DESHMUKH,D. C. PANDIT,ACK CYL BLOCK,12101ACK0000010,CASTING,MF-34,ISO 8062 CT8,,,,BEST-FIT,2026-09-13,DEVELOPMENT,ACCEPTED WITH REMARK,,
9,MG2026WLS00009,GENERAC,DI,SUMIT SABALE,MANGESH DESHMUKH,A. K. AGRE,MANIFOLD 3608,A0008213608,BOTTOM DIE,DI-1 & 2,MG STD,,,,BEST-FIT,2026-03-07,DEVELOPMENT,FOUND OK,,
10,MG2026WLS00010,GENERAC,DI,SUMIT SABALE,MANGESH DESHMUKH,A. K. AGRE,MANIFOLD 3608,A0008213608,TOP DIE,DI-1 & 2,MG STD,,,,BEST-FIT,2026-03-07,DEVELOPMENT,FOUND OK,,
11,MG2026WLS00011,GENERAC,DI,SUMIT SABALE,MANGESH DESHMUKH,A. K. AGRE,MANIFOLD 911,A0007800911,CORE BOX SET-1,HALF-1,MG STD,,,,BEST-FIT,2026-03-07,DEVELOPMENT,FOUND OK,,
12,MG2026WLS00012,GENERAC,DI,SUMIT SABALE,MANGESH DESHMUKH,A. K. AGRE,MANIFOLD 911,A0007800911,CORE BOX SET-1,HALF-2,MG STD,,,,BEST-FIT,2026-03-07,DEVELOPMENT,FOUND OK,,
13,MG2026WLS00013,GENERAC,DI,SUMIT SABALE,MANGESH DESHMUKH,A. K. AGRE,MANIFOLD 911,A0007800911,CORE BOX SET-2,HALF-1,MG STD,,,,BEST-FIT,2026-03-08,DEVELOPMENT,FOUND OK,,
14,MG2026WLS00014,GENERAC,DI,SUMIT SABALE,MANGESH DESHMUKH,A. K. AGRE,MANIFOLD 911,A0007800911,CORE BOX SET-2,HALF-2,MG STD,,,,BEST-FIT,2026-03-08,DEVELOPMENT,FOUND OK,,
15,MG2026WLS00015,GENERAC,DI,SUMIT SABALE,MANGESH DESHMUKH,A. K. AGRE,MANIFOLD 3608,A0008213608,CORE BOX,HALF-1,MG STD,,,,BEST-FIT,2026-03-09,DEVELOPMENT,FOUND OK,,
16,MG2026WLS00016,GENERAC,DI,SUMIT SABALE,MANGESH DESHMUKH,A. K. AGRE,MANIFOLD 3608,A0008213608,CORE BOX,HALF-2,MG STD,,,,BEST-FIT,2026-03-09,DEVELOPMENT,FOUND OK,,
17,MG2026WLS00017,BAJAJ,MSL,SUMIT SABALE,MANGESH DESHMUKH,ANAND KHUSHWAHA,CYL. BLOCK,AF101910,CASTING,MSL-01,ABS00002,,,,BEST-FIT,2026-03-08,DEVELOPMENT,FOUND OK,,
18,MG2026WLS00018,BAJAJ,MSL,SUMIT SABALE,MANGESH DESHMUKH,ANAND KHUSHWAHA,CYL. BLOCK,AF101910,CASTING,MSL-02,ABS00002,,,,BEST-FIT,2026-03-08,DEVELOPMENT,FOUND OK,,
19,MG2026WLS00019,BAJAJ,MFPL,SUMIT SABALE,MANGESH DESHMUKH,D. C. PANDIT,CYL. BLOCK 5 PORT,24101631,CASTING,MF-1_2,ABS00002,,,,BEST-FIT,2026-03-07,DEVELOPMENT,FOUND OK,,
20,MG2026WLS00020,BAJAJ,MFPL,SUMIT SABALE,MANGESH DESHMUKH,D. C. PANDIT,CYL. BLOCK 5 PORT,24101632,CASTING,MF-2_2,ABS00003,,,,BEST-FIT,2026-03-08,DEVELOPMENT,FOUND OK,,
21,MG2026WLS00021,BAJAJ,MFPL,SUMIT SABALE,MANGESH DESHMUKH,D. C. PANDIT,CYL. BLOCK 5 PORT,24101633,CASTING,MF-1_1,ABS00004,,,,BEST-FIT,2026-03-09,DEVELOPMENT,FOUND OK,,
22,MG2026WLS00022,BAJAJ,MFPL,SUMIT SABALE,MANGESH DESHMUKH,D. C. PANDIT,CYL. BLOCK 5 PORT,24101634,CASTING,MF-2_1,ABS00005,,,,BEST-FIT,2026-03-10,DEVELOPMENT,FOUND OK,,
23,MG2026WLS00023,HERO,MFPL,SUMIT SABALE,MANGESH DESHMUKH,D. C. PANDIT,ACK CYL BLOCK,12101ACK0000010,CASTING COMPARISON,MF-50 vs MF-34,ISO 8062,,,,BEST-FIT,2026-09-13,DEVELOPMENT,ACCEPTED WITH REMARK,,
24,MG2026WLS00024,HERO,MFPL,SUMIT SABALE,MANGESH DESHMUKH,D. C. PANDIT,CYL. BLOCK KCC,12101-GBG-D000,COPE,MF-44,MG STD,,,,BEST-FIT,2026-03-12,DEVELOPMENT,FOUND OK,,
25,MG2026WLS00025,HERO,MFPL,SUMIT SABALE,MANGESH DESHMUKH,D. C. PANDIT,CYL. BLOCK KCC,12101-GBG-D000,DRAG,MF-44,MG STD,,,,BEST-FIT,2026-03-12,DEVELOPMENT,FOUND OK,,
26,MG2026WLS00026,HERO,MFPL,SUMIT SABALE,MANGESH DESHMUKH,D. C. PANDIT,CYL. BLOCK KCC,12101-GBG-D000,COPE,MF-45,MG STD,,,,BEST-FIT,2026-03-12,DEVELOPMENT,FOUND OK,,
27,MG2026WLS00027,HERO,MFPL,SUMIT SABALE,MANGESH DESHMUKH,D. C. PANDIT,CYL. BLOCK KCC,12101-GBG-D000,DRAG,MF-45,MG STD,,,,BEST-FIT,2026-03-12,DEVELOPMENT,FOUND OK,,
28,MG2026WLS00028,HERO,MFPL,SUMIT SABALE,MANGESH DESHMUKH,D. C. PANDIT,ACK CYL BLOCK,12101ACK0000010,CASTING,MF-29,ISO 8062 CT8,,,,BEST-FIT,2026-09-12,DEVELOPMENT,ACCEPTED WITH REMARK,,
29,MG2026WLS00029,HERO,MFPL,SUMIT SABALE,MANGESH DESHMUKH,D. C. PANDIT,ACK CYL BLOCK,12101ACK0000011,CASTING,MF-30,ISO 8062 CT8,,,,BEST-FIT,2026-09-12,DEVELOPMENT,ACCEPTED WITH REMARK,,
30,MG2026WLS00030,HERO,MFPL,SUMIT SABALE,MANGESH DESHMUKH,D. C. PANDIT,ACK CYL BLOCK,12101ACK0000012,CASTING,MF-31,ISO 8062 CT8,,,,BEST-FIT,2026-09-12,DEVELOPMENT,ACCEPTED WITH REMARK,,
31,MG2026WLS00031,HERO,MFPL,SUMIT SABALE,MANGESH DESHMUKH,D. C. PANDIT,ACK CYL BLOCK,12101ACK0000013,CASTING,MF-32,ISO 8062 CT8,,,,BEST-FIT,2026-09-12,DEVELOPMENT,ACCEPTED WITH REMARK,,
32,MG2026WLS00032,BAJAJ,MEPL U3,SUMIT SABALE,MANGESH DESHMUKH,MAHESH KARANDE,FWH 1136,1136,MATCHPLATE,DRAG,ISO 8062,,,,BEST-FIT,2026-09-16,TOOL CORRECTION,ACCEPTED WITH REMARK,,
33,MG2026WLS00033,BAJAJ,MEPL U3,SUMIT SABALE,MANGESH DESHMUKH,MAHESH KARANDE,FWH 1136,1136,MATCHPLATE,COPE,ISO 8062,,,,BEST-FIT,2026-09-16,TOOL CORRECTION,ACCEPTED WITH REMARK,,
34,MG2026WLS00034,BAJAJ,DI,SUMIT SABALE,MANGESH DESHMUKH,A. K. AGRE,EXHAUST MANIFOLD,BA103730,CASTING,MF-3,ABS00002,,,,BEST-FIT,2026-09-16,DEVELOPMENT,ACCEPTED WITH REMARK,,
35,MG2026WLS00035,BAJAJ,DI,SUMIT SABALE,MANGESH DESHMUKH,A. K. AGRE,EXHAUST MANIFOLD,BA103730,CASTING,MF-4,ABS00002,,,,BEST-FIT,2026-09-16,DEVELOPMENT,ACCEPTED WITH REMARK,,
36,MG2026WLS00036,BAJAJ,DI,SUMIT SABALE,MANGESH DESHMUKH,A. K. AGRE,EXHAUST MANIFOLD,BA103730,CASTING,MF-3,ABS00002,,,,BEST-FIT,2026-09-16,DEVELOPMENT,ACCEPTED WITH REMARK,,
37,MG2026WLS00037,BAJAJ,DI,SUMIT SABALE,MANGESH DESHMUKH,A. K. AGRE,EXHAUST MANIFOLD,BA103730,CASTING,MF-4,ABS00002,,,,BEST-FIT,2026-09-16,DEVELOPMENT,ACCEPTED WITH REMARK,,
38,MG2026WLS00038,BAJAJ,DI,SUMIT SABALE,MANGESH DESHMUKH,A. K. AGRE,EXHAUST MANIFOLD,BA103730,CASTING COMPARISON,MF-3,ISO 8062,,,,BEST-FIT,2026-09-17,COMPARISON,ACCEPTED WITH REMARK,,
39,MG2026WLS00039,BAJAJ,DI,SUMIT SABALE,MANGESH DESHMUKH,A. K. AGRE,EXHAUST MANIFOLD,BA103730,CASTING COMPARISON,MF-4,ISO 8062,,,,BEST-FIT,2026-09-17,COMPARISON,ACCEPTED WITH REMARK,,
40,MG2026WLS00040,BAJAJ,MEPL U3,SUMIT SABALE,MANGESH DESHMUKH,MAHESH KARANDE,FRONT WHEEL HUB,24171136,PATTERN,COPE,ISO 8062,,,,BEST-FIT,2026-09-18,DEVELOPMENT,ACCEPTED WITH REMARK,,
41,MG2026WLS00041,BAJAJ,MEPL U3,SUMIT SABALE,MANGESH DESHMUKH,MAHESH KARANDE,FRONT WHEEL HUB,24171136,PATTERN,DRAG,ISO 8062,,,,BEST-FIT,2026-09-18,DEVELOPMENT,ACCEPTED WITH REMARK,,
42,MG2026WLS00042,GENERAC,DI,SUMIT SABALE,MANGESH DESHMUKH,A. K. AGRE,MANIFOLD COOLENT CAST,A008213608,CASTING,DI-1,ISO 8062 CT8,,,,BEST-FIT,2026-03-15,DEVELOPMENT,ACCEPTED WITH REMARK,,
43,MG2026WLS00043,GENERAC,DI,SUMIT SABALE,MANGESH DESHMUKH,A. K. AGRE,MANIFOLD COOLENT CAST,A008213608,CASTING,DI-2,ISO 8062 CT8,,,,BEST-FIT,2026-03-15,DEVELOPMENT,ACCEPTED WITH REMARK,,
44,MG2026WLS00044,GENERAC,DI,SUMIT SABALE,MANGESH DESHMUKH,A. K. AGRE,MANIFOLD INTAKE 4555,A0002074541,CASTING,DI-3_1,ISO 8062 CT9,C,,,BEST-FIT,2026-03-14,DEVELOPMENT,ACCEPTED WITH REMARK,,
45,MG2026WLS00045,GENERAC,DI,SUMIT SABALE,MANGESH DESHMUKH,A. K. AGRE,MANIFOLD INTAKE 4555,A0002074541,CASTING,DI-4_1,ISO 8062 CT9,C,,,BEST-FIT,2026-03-14,DEVELOPMENT,ACCEPTED WITH REMARK,,
46,MG2026WLS00046,GENERAC,DI,SUMIT SABALE,MANGESH DESHMUKH,A. K. AGRE,MANIFOLD INTAKE 4555,A0002074541,CASTING,DI-3_2,ISO 8062 CT9,C,,,BEST-FIT,2026-03-14,DEVELOPMENT,ACCEPTED WITH REMARK,,
47,MG2026WLS00047,GENERAC,DI,SUMIT SABALE,MANGESH DESHMUKH,A. K. AGRE,MANIFOLD INTAKE 4555,A0002074541,CASTING,DI-4_2,ISO 8062 CT9,C,,,BEST-FIT,2026-03-14,DEVELOPMENT,ACCEPTED WITH REMARK,,
48,MG2026WLS00048,GENERAC,DI,RAKSHITA TONSHAL,MANGESH DESHMUKH,A. K. AGRE,MANIFOLD INTAKE 4555,A0002074541,CASTING,DI-1,ISO 8062 CT9,C,,,BEST-FIT,2026-07-29,DEVELOPMENT,NOT OK,,
49,MG2026WLS00049,GENERAC,DI,RAKSHITA TONSHAL,MANGESH DESHMUKH,A. K. AGRE,MANIFOLD INTAKE 4555,A0002074541,CASTING,DI-2,ISO 8062 CT9,C,,,BEST-FIT,2026-08-02,DEVELOPMENT,NOT OK,,
50,MG2026WLS00050,TATA,MFPL,SUMIT SABALE,MANGESH DESHMUKH,D. C. PANDIT,BRACKET 3797,253414113797,MACHINED VS CASTING,CAD COMPARISON,MG STD,,,,BEST-FIT,2026-03-15,DEVELOPMENT,ACCEPTED WITH REMARK,,
51,MG2026WLS00051,GENERAC,DI,SUMIT SABALE,MANGESH DESHMUKH,A. K. AGRE,MANIFOLD INTAKE CAST,A0007800911,CASTING,DI-1,ISO 8062_CT9,D,,,BEST-FIT,2026-03-15,DEVELOPMENT,ACCEPTED WITH REMARK,,
52,MG2026WLS00052,GENERAC,DI,RAKSHITA TONSHAL,MANGESH DESHMUKH,A. K. AGRE,MANIFOLD INTAKE 4555,A0002074541,CASTING,DI-5,ISO 8062 CT9,C,,,BEST-FIT,2026-08-02,DEVELOPMENT,NOT OK,,
53,MG2026WLS00053,GENERAC,DI,RAKSHITA TONSHAL,MANGESH DESHMUKH,A. K. AGRE,MANIFOLD INTAKE 4555,A0002074541,CASTING,DI-6,ISO 8062 CT9,C,,,BEST-FIT,2026-08-02,DEVELOPMENT,NOT OK,,
54,MG2026WLS00054,TATA,MFPL,SUMIT SABALE,MANGESH DESHMUKH,D. C. PANDIT,BRACKET 3797,253414113797,customer machined vs casting without drafted,CAD COMPARISON,MG STD,,,,BEST-FIT,2026-03-18,DEVELOPMENT,ACCEPTED WITH REMARK,,
55,MG2026WLS00055,OGNIBENE,MFPL,SUMIT SABALE,MANGESH DESHMUKH,D. C. PANDIT,TCV VALVE HOUSING,199030100,CORE BOX,FIX HALF,MG STD,,,,BEST-FIT,2026-03-20,DEVELOPMENT,ACCEPTED WITH REMARK,,
56,MG2026WLS00056,OGNIBENE,MFPL,SUMIT SABALE,MANGESH DESHMUKH,D. C. PANDIT,TCV VALVE HOUSING,199030100,CORE BOX,MOVING HALF,MG STD,,,,BEST-FIT,2026-03-20,DEVELOPMENT,ACCEPTED WITH REMARK,,
57,MG2026WLS00057,NAVISTAR,MFPL,SUMIT SABALE,MANGESH DESHMUKH,MAHESH KARANDE,CROSSMEMBER FRONT,3532950C4,CASTING,ME-1,ISO 8062_CT9,,,,BEST-FIT,2026-03-22,DEVELOPMENT,ACCEPTED WITH REMARK,,
58,MG2026WLS00058,NAVISTAR,MFPL,SUMIT SABALE,MANGESH DESHMUKH,MAHESH KARANDE,CROSSMEMBER FRONT,3532950C4,CASTING,ME-2,ISO 8062_CT9,,,,BEST-FIT,2026-03-22,DEVELOPMENT,ACCEPTED WITH REMARK,,
59,MG2026WLS00059,NAVISTAR,MFPL,SUMIT SABALE,MANGESH DESHMUKH,MAHESH KARANDE,CROSSMEMBER FRONT,3532950C4,CASTING,ME-3,ISO 8062_CT9,,,,BEST-FIT,2026-03-22,DEVELOPMENT,ACCEPTED WITH REMARK,,
60,MG2026WLS00060,NAVISTAR,MFPL,SUMIT SABALE,MANGESH DESHMUKH,MAHESH KARANDE,CROSSMEMBER FRONT,3532950C4,CASTING,ME-4,ISO 8062_CT9,,,,BEST-FIT,2026-03-22,DEVELOPMENT,ACCEPTED WITH REMARK,,
61,MG2026WLS00061,NAVISTAR,MFPL,SUMIT SABALE,MANGESH DESHMUKH,MAHESH KARANDE,CROSSMEMBER FRONT,3532950C4,CASTING,ME-5,ISO 8062_CT9,,,,BEST-FIT,2026-03-22,DEVELOPMENT,ACCEPTED WITH REMARK,,
62,MG2026WLS00062,NAVISTAR,MFPL,SUMIT SABALE,MANGESH DESHMUKH,MAHESH KARANDE,CROSSMEMBER FRONT,3532950C4,CASTING,ME-6,ISO 8062_CT9,,,,BEST-FIT,2026-03-22,DEVELOPMENT,ACCEPTED WITH REMARK,,
63,MG2026WLS00063,GENERAC,DI,SUMIT SABALE,MANGESH DESHMUKH,A. K. AGRE,MANIFOLD COOLENT CAST,A008213608,CASTING,DI-1,ISO 8062_CT8,D,,,BEST-FIT,2026-03-21,DEVELOPMENT,ACCEPTED WITH REMARK,,
64,MG2026WLS00064,GENERAC,DI,SUMIT SABALE,MANGESH DESHMUKH,A. K. AGRE,MANIFOLD COOLENT CAST,A008213608,CASTING,DI-2,ISO 8062_CT8,D,,,BEST-FIT,2026-03-21,DEVELOPMENT,ACCEPTED WITH REMARK,,
65,MG2026WLS00065,MAHINDRA & MAHINDRA,MFPL,SUMIT SABALE,MANGESH DESHMUKH,D. C. PANDIT,END CAP 396,344396,CASTING,MF-1-1,ISO 8062_CT9,,,,BEST-FIT,2026-03-23,DEVELOPMENT,ACCEPTED WITH REMARK,,
66,MG2026WLS00066,MAHINDRA & MAHINDRA,MFPL,SUMIT SABALE,MANGESH DESHMUKH,D. C. PANDIT,END CAP 396,344396,CASTING,MF-1-2,ISO 8062_CT9,,,,BEST-FIT,2026-03-23,DEVELOPMENT,ACCEPTED WITH REMARK,,
67,MG2026WLS00067,NAVISTAR,MFPL,SUMIT SABALE,MANGESH DESHMUKH,MAHESH KARANDE,CROSSMEMBER FRONT,3532950C4,CASTING,ME-1,ISO 8062_CT9,,,,BEST-FIT,2026-03-27,DEVELOPMENT,ACCEPTED WITH REMARK,,
68,MG2026WLS00068,NAVISTAR,MFPL,SUMIT SABALE,MANGESH DESHMUKH,MAHESH KARANDE,CROSSMEMBER FRONT,3532950C4,CASTING,ME-2,ISO 8062_CT9,,,,BEST-FIT,2026-03-27,DEVELOPMENT,ACCEPTED WITH REMARK,,
69,MG2026WLS00069,NAVISTAR,MFPL,SUMIT SABALE,MANGESH DESHMUKH,MAHESH KARANDE,CROSSMEMBER FRONT,3532950C4,CASTING,ME-3,ISO 8062_CT9,,,,BEST-FIT,2026-03-27,DEVELOPMENT,ACCEPTED WITH REMARK,,
70,MG2026WLS00070,NAVISTAR,MFPL,SUMIT SABALE,MANGESH DESHMUKH,MAHESH KARANDE,CROSSMEMBER FRONT,3532950C4,CASTING,ME-4,ISO 8062_CT9,,,,BEST-FIT,2026-03-27,DEVELOPMENT,ACCEPTED WITH REMARK,,
71,MG2026WLS00071,NAVISTAR,MFPL,SUMIT SABALE,MANGESH DESHMUKH,MAHESH KARANDE,CROSSMEMBER FRONT,3532950C4,CASTING,ME-5,ISO 8062_CT9,,,,BEST-FIT,2026-03-27,DEVELOPMENT,ACCEPTED WITH REMARK,,
72,MG2026WLS00072,NAVISTAR,MFPL,SUMIT SABALE,MANGESH DESHMUKH,MAHESH KARANDE,CROSSMEMBER FRONT,3532950C4,CASTING,ME-6,ISO 8062_CT9,,,,BEST-FIT,2026-03-27,DEVELOPMENT,ACCEPTED WITH REMARK,,
73,MG2026WLS00073,NAVISTAR,MFPL,SUMIT SABALE,MANGESH DESHMUKH,MAHESH KARANDE,CROSSMEMBER FRONT,3532950C4,CUSTOMER SAMPLE,CAD VS CUST SAMPLE,MG STD,,,,BEST-FIT,2026-03-27,DEVELOPMENT,ACCEPTED WITH REMARK,,
74,MG2026WLS00074,TATA,MEPL U3,SUMIT SABALE,MANGESH DESHMUKH,MAHESH KARANDE,REAR HUB 3716,266135603716,CASTING,H-1,TS12125 GTB15,,,,BEST-FIT,2026-03-27,DEVELOPMENT,ACCEPTED WITH REMARK,,
75,MG2026WLS00075,TATA,MEPL U3,SUMIT SABALE,MANGESH DESHMUKH,MAHESH KARANDE,REAR HUB 3716,266135603716,CASTING,LH-1,TS12125 GTB15,,,,BEST-FIT,2026-03-27,DEVELOPMENT,ACCEPTED WITH REMARK,,
76,MG2026WLS00076,TATA,MEPL U3,SUMIT SABALE,MANGESH DESHMUKH,MAHESH KARANDE,REAR HUB 3716,266135603716,CASTING,LH-2,TS12125 GTB15,,,,BEST-FIT,2026-03-27,DEVELOPMENT,ACCEPTED WITH REMARK,,
77,MG2026WLS00077,MAHINDRA & MAHINDRA,MEPL U3,SUMIT SABALE,MANGESH DESHMUKH,MAHESH KARANDE,END CAP 372,8526372,CORE BOX,HALF-2,ISO 8062,,,,BEST-FIT,2026-03-29,DEVELOPMENT,ACCEPTED WITH REMARK,,
78,MG2026WLS00078,MAHINDRA & MAHINDRA,MEPL U3,SUMIT SABALE,MANGESH DESHMUKH,MAHESH KARANDE,END CAP 372,8526372,CORE BOX,HALF-1,ISO 8062_,,,,BEST-FIT,2026-03-29,DEVELOPMENT,ACCEPTED WITH REMARK,,
79,MG2026WLS00079,JCB,MEPL U3,SUMIT SABALE,MANGESH DESHMUKH,MAHESH KARANDE,JCB SP,,CORE BOX ,HALF-1,ISO 8062,,,,BEST-FIT,2026-03-30,DEVELOPMENT,ACCEPTED WITH REMARK,,
80,MG2026WLS00080,JCB,MEPL U3,SUMIT SABALE,MANGESH DESHMUKH,MAHESH KARANDE,JCB SP,,CORE BOX,HALF-2,ISO 8062,,,,BEST-FIT,2026-03-30,DEVELOPMENT,ACCEPTED WITH REMARK,ADD MATERIAL TO CB MODEL NOT AVAILABLE,
81,MG2026WLS00081,TATA,MEPL U3,SUMIT SABALE,MANGESH DESHMUKH,MAHESH KARANDE,MANIFOLD EXHAUST,278914113724,CASTING,ME-1,TS12125 GTB15,,,,BEST-FIT,2026-03-25,DEVELOPMENT,ACCEPTED WITH REMARK,,
82,MG2026WLS00082,TATA,MEPL U3,SUMIT SABALE,MANGESH DESHMUKH,MAHESH KARANDE,MANIFOLD EXHAUST,278914113724,CASTING,ME-2,TS12125 GTB15,,,,BEST-FIT,2026-03-25,DEVELOPMENT,ACCEPTED WITH REMARK,,
83,MG2026WLS00083,TATA,MEPL U3,SUMIT SABALE,MANGESH DESHMUKH,MAHESH KARANDE,MANIFOLD EXHAUST,278914113724,CASTING,ME-3,TS12125 GTB15,,,,BEST-FIT,2026-03-25,DEVELOPMENT,ACCEPTED WITH REMARK,,
84,MG2026WLS00084,TATA,MEPL U3,SUMIT SABALE,MANGESH DESHMUKH,MAHESH KARANDE,MANIFOLD EXHAUST,278914113724,CASTING,ME-1,TS12125 GTB15,,,,BEST-FIT,2026-03-25,DEVELOPMENT,ACCEPTED WITH REMARK,,
85,MG2026WLS00085,TATA,MEPL U3,SUMIT SABALE,MANGESH DESHMUKH,MAHESH KARANDE,MANIFOLD EXHAUST,278914113724,CASTING,ME-2,TS12125 GTB15,,,,BEST-FIT,2026-03-25,DEVELOPMENT,ACCEPTED WITH REMARK,,
86,MG2026WLS00086,TATA,MEPL U3,SUMIT SABALE,MANGESH DESHMUKH,MAHESH KARANDE,MANIFOLD EXHAUST,278914113724,CASTING,ME-3,TS12125 GTB15,,,,BEST-FIT,2026-03-25,DEVELOPMENT,ACCEPTED WITH REMARK,,
87,MG2026WLS00087,TATA,MEPL U3,SUMIT SABALE,MANGESH DESHMUKH,MAHESH KARANDE,MANIFOLD EXHAUST,278914113724,PATTERN,COPE,ISO 8062,,,,BEST-FIT,2026-04-11,DEVELOPMENT,ACCEPTED WITH REMARK,,
88,MG2026WLS00088,TATA,MEPL U3,SUMIT SABALE,MANGESH DESHMUKH,MAHESH KARANDE,MANIFOLD EXHAUST,278914113724,PATTERN,DRAG,ISO 8062,,,,BEST-FIT,2026-04-11,DEVELOPMENT,ACCEPTED WITH REMARK,,
89,MG2026WLS00089,NAVISTAR,MEPL U3,SUMIT SABALE,MANGESH DESHMUKH,MAHESH KARANDE,STANCHION TAILPIPE,4619428,PATTERN,COPE,ISO 8062,,,,BEST-FIT,2026-04-02,DEVELOPMENT,ACCEPTED WITH REMARK,,
90,MG2026WLS00090,NAVISTAR,MEPL U3,SUMIT SABALE,MANGESH DESHMUKH,MAHESH KARANDE,STANCHION TAILPIPE,4619428,PATTERN,DRAG,ISO 8062,,,,BEST-FIT,2026-04-02,DEVELOPMENT,ACCEPTED WITH REMARK,,
91,MG2026WLS00091,BAJAJ,MEPL U3,SUMIT SABALE,MANGESH DESHMUKH,MAHESH KARANDE,HUB FRONT 1693,AH131693,PATTERN,COPE,ISO 8062,,,,BEST-FIT,2026-04-02,DEVELOPMENT,ACCEPTED WITH REMARK,,
92,MG2026WLS00092,BAJAJ,MEPL U3,SUMIT SABALE,MANGESH DESHMUKH,MAHESH KARANDE,HUB FRONT 1693,AH131693,PATTERN,DRAG,ISO 8062,,,,BEST-FIT,2026-04-02,DEVELOPMENT,ACCEPTED WITH REMARK,,
93,MG2026WLS00093,OGNIBENE,MFPL,SUMIT SABALE,MANGESH DESHMUKH,D. C. PANDIT,TCV VALVE HOUSING,199030100,CORE BOX,FIX HALF,ISO 8062,,,,BEST-FIT,2026-03-27,DEVELOPMENT,ACCEPTED WITH REMARK,,
94,MG2026WLS00094,OGNIBENE,MFPL,SUMIT SABALE,MANGESH DESHMUKH,D. C. PANDIT,TCV VALVE HOUSING,199030100,CORE BOX,MOVING HALF,ISO 8062,,,,BEST-FIT,2026-03-27,DEVELOPMENT,ACCEPTED WITH REMARK,,
95,MG2026WLS00095,OGNIBENEP,MFPL,SUMIT SABALE,MANGESH DESHMUKH,D. C. PANDIT,TCV VALVE HOUSING,199030101,PATTERN,MF-1 COPE,ISO 8063,,,,BEST-FIT,2026-03-20,DEVELOPMENT,ACCEPTED WITH REMARK,,
96,MG2026WLS00096,OGNIBENE,MFPL,SUMIT SABALE,MANGESH DESHMUKH,D. C. PANDIT,TCV VALVE HOUSING,199030102,PATTERN,MF-2 COPE,ISO 8064,,,,BEST-FIT,2026-03-20,DEVELOPMENT,ACCEPTED WITH REMARK,,
97,MG2026WLS00097,OGNIBENE,MFPL,SUMIT SABALE,MANGESH DESHMUKH,D. C. PANDIT,TCV VALVE HOUSING,199030103,PATTERN,MF-1 COPE,ISO 8065,,,,BEST-FIT,2026-03-20,DEVELOPMENT,ACCEPTED WITH REMARK,,
98,MG2026WLS00098,OGNIBENE,MFPL,SUMIT SABALE,MANGESH DESHMUKH,D. C. PANDIT,TCV VALVE HOUSING,199030104,PATTERN,MF-2 DRAG,ISO 8066,,,,BEST-FIT,2026-03-20,DEVELOPMENT,ACCEPTED WITH REMARK,,
99,MG2026WLS00099,JCB,MFPL,SUMIT SABALE,MANGESH DESHMUKH,D. C. PANDIT,ELBOW FLANG,333/D8387,CASTING,1DM_1,ISO 8062 CT9,,,,BEST-FIT,2026-04-04,DEVELOPMENT,ACCEPTED WITH REMARK,,
100,MG2026WLS00100,JCB,MFPL,SUMIT SABALE,MANGESH DESHMUKH,D. C. PANDIT,ELBOW FLANG,333/D8387,CASTING,1DM_2,ISO 8062 CT9,,,,BEST-FIT,2026-04-04,DEVELOPMENT,ACCEPTED WITH REMARK,,
101,MG2026WLS00101,MAHINDRA & MAHINDRA,MFPL,SUMIT SABALE,MANGESH DESHMUKH,D. C. PANDIT,END CAP 396,344396,CASTING,MF-1_1,ISO 8062 CT9,,,,BEST-FIT,2026-04-04,DEVELOPMENT,ACCEPTED WITH REMARK,,
102,MG2026WLS00102,MAHINDRA & MAHINDRA,MFPL,SUMIT SABALE,MANGESH DESHMUKH,D. C. PANDIT,END CAP 396,344396,CASTING,MF-1_2,ISO 8062 CT9,,,,BEST-FIT,2026-04-04,DEVELOPMENT,ACCEPTED WITH REMARK,,
103,MG2026WLS00103,TATA,MEPL U3,SUMIT SABALE,MANGESH DESHMUKH,MAHESH KARANDE,GUIDE PLATE,7103,CASTING,ME-1,ISO 8062 CT8,,,,BEST-FIT,2026-09-20,DEVELOPMENT,ACCEPTED WITH REMARK,,
104,MG2026WLS00104,GENERAC,MEPL U3,SUMIT SABALE,MANGESH DESHMUKH,MAHESH KARANDE,MANIFOLD 598,A0008369598,CASTING,ME-1,ISO 8062,,,,X-Y-Z DATUM,2026-05-17,DEVELOPMENT,ACCEPTED WITH REMARK,,
105,MG2026WLS00105,NAVISTAR,MEPL U3,SUMIT SABALE,MANGESH DESHMUKH,MAHESH KARANDE,STANCHION TAILPIPE,4619428,CASTING,ME-1,ISO 8062_CT 9,,,,BEST-FIT,2026-04-06,DEVELOPMENT,ACCEPTED WITH REMARK,,
106,MG2026WLS00106,BAJAJ,MSL,SUMIT SABALE,MANGESH DESHMUKH,ANAND KHUSHWAHA,CYL. BLOCK,AF101910,CASTING,M1C1,ABS00002,,,,BEST-FIT,2026-04-08,DEVELOPMENT,ACCEPTED WITH REMARK,,
107,MG2026WLS00107,TATA,MEPL U3,SUMIT SABALE,MANGESH DESHMUKH,MAHESH KARANDE,REAR HUB 3707,3707,CORE BOX,BOTTOM,ISO 8062,,,,BEST-FIT,,DEVELOPMENT,ACCEPTED WITH REMARK,,
108,MG2026WLS00108,TATA,MEPL U3,SUMIT SABALE,MANGESH DESHMUKH,MAHESH KARANDE,REAR HUB 3707,3707,CORE BOX,TOP,ISO 8062,,,,BEST-FIT,,DEVELOPMENT,ACCEPTED WITH REMARK,,
109,MG2026WLS00109,TVS,MEPL U3,SUMIT SABALE,MANGESH DESHMUKH,MAHESH KARANDE,TRAILING ARM,210,PATTERN,COPE,ISO 8062,,,,BEST-FIT,2026-04-15,DEVELOPMENT,ACCEPTED WITH REMARK,,
110,MG2026WLS00110,TVS,MEPL U3,SUMIT SABALE,MANGESH DESHMUKH,MAHESH KARANDE,TRAILING ARM,210,PATTERN,DRAG,ISO 8062,,,,BEST-FIT,2026-04-15,DEVELOPMENT,ACCEPTED WITH REMARK,,
111,MG2026WLS00111,BAJAJ,MEPL U3,SUMIT SABALE,MANGESH DESHMUKH,MAHESH KARANDE,HUB FRONT 1665,AH131693,CASTING,ME-3,ISO 8062 CT9,,,,BEST-FIT,2026-04-16,DEVELOPMENT,ACCEPTED WITH REMARK,,
112,MG2026WLS00112,BAJAJ,MSL,SUMIT SABALE,MANGESH DESHMUKH,HARSHAD GHUTUKADE,HEAD CYLINDER 236CC,AF101908,CASTING,M1C1,ABS00002,10,,,BEST-FIT,2026-04-17,DEVELOPMENT,CONDITIONALLY OK,,
113,MG2026WLS00113,BAJAJ,MSL,SUMIT SABALE,MANGESH DESHMUKH,HARSHAD GHUTUKADE,HEAD CYLINDER 236CC,AF101908,CASTING,M1C2,ABS00002,10,,,BEST-FIT,2026-04-17,DEVELOPMENT,CONDITIONALLY OK,,
114,MG2026WLS00114,BAJAJ,MSL,SUMIT SABALE,MANGESH DESHMUKH,HARSHAD GHUTUKADE,HEAD CYLINDER 236CC,AF101908,CASTING,M1C3,ABS00002,10,,,BEST-FIT,2026-04-17,DEVELOPMENT,CONDITIONALLY OK,,
115,MG2026WLS00115,BAJAJ,MSL,SUMIT SABALE,MANGESH DESHMUKH,HARSHAD GHUTUKADE,HEAD CYLINDER 236CC,AF101908,CASTING,M1C4,ABS00002,10,,,BEST-FIT,2026-04-17,DEVELOPMENT,CONDITIONALLY OK,,
116,MG2026WLS00116,BAJAJ,MSL,SUMIT SABALE,MANGESH DESHMUKH,HARSHAD GHUTUKADE,HEAD CYLINDER 236CC,AF101908,CAD COMPARISON,,ABS00002,,,,BEST-FIT,2026-04-17,DEVELOPMENT,NOT OK,,
117,MG2026WLS00117,NAVISTAR,MFPL,RAKSHITA TONSHAL,MANGESH DESHMUKH,D. C. PANDIT,ADAPTER 2019,3812019,LOOSE PATTERN,M1,ISO 8062,,,,BEST-FIT,2026-04-18,DEVELOPMENT,FOUND OK,,
118,MG2026WLS00118,NAVISTAR,MFPL,RAKSHITA TONSHAL,MANGESH DESHMUKH,D. C. PANDIT,ADAPTER 2019,3812019,LOOSE PATTERN,M2,ISO 8062,,,,BEST-FIT,2026-04-18,DEVELOPMENT,FOUND OK,,
119,MG2026WLS00119,NAVISTAR,MFPL,RAKSHITA TONSHAL,MANGESH DESHMUKH,D. C. PANDIT,ADAPTER 2019,3812019,LOOSE PATTERN,M3,ISO 8062,,,,BEST-FIT,2026-04-18,DEVELOPMENT,FOUND OK,,
120,MG2026WLS00120,BAJAJ,MSL,RAKSHITA TONSHAL,MANGESH DESHMUKH,HARSHAD GHUTUKADE,HEAD CYLINDER 236CC,AF101908,CASTING,M1C2,ABS00002,10,,,BEST-FIT,2026-04-22,DEVELOPMENT,ACCEPTED WITH REMARK,,
121,MG2026WLS00121,BAJAJ,MSL,RAKSHITA TONSHAL,MANGESH DESHMUKH,HARSHAD GHUTUKADE,HEAD CYLINDER 236CC,AF101908,CASTING,M1C3,ABS00002,10,,,BEST-FIT,2026-04-22,DEVELOPMENT,ACCEPTED WITH REMARK,,
122,MG2026WLS00122,BAJAJ,MSL,RAKSHITA TONSHAL,MANGESH DESHMUKH,HARSHAD GHUTUKADE,HEAD CYLINDER 236CC,AF101908,CASTING,M1C4,ABS00002,10,,,BEST-FIT,2026-04-22,DEVELOPMENT,ACCEPTED WITH REMARK,,
123,MG2026WLS00123,TVS,MEPL U3,SUMIT SABALE,MANGESH DESHMUKH,MAHESH KARANDE,TRAILING ARM,210,PATTERN,COPE,ISO 8062,,,,BEST-FIT,2026-04-24,DEVELOPMENT,NOT OK,,
124,MG2026WLS00124,TVS,MEPL U3,SUMIT SABALE,MANGESH DESHMUKH,MAHESH KARANDE,TRAILING ARM,210,PATTERN,DRAG,ISO 8062,,,,BEST-FIT,2026-04-24,DEVELOPMENT,NOT OK,,
125,MG2026WLS00125,JCB,MFPL,RAKSHITA TONSHAL,MANGESH DESHMUKH,D. C. PANDIT,ELBOW FLANG,333/D8387,CASTING,MF-1_5,ISO 8062,,,,BEST-FIT,2026-04-25,DEVELOPMENT,ACCEPTED WITH REMARK,,
126,MG2026WLS00126,JCB,MFPL,RAKSHITA TONSHAL,MANGESH DESHMUKH,D. C. PANDIT,ELBOW FLANG,333/D8387,CASTING,MF-1_6,ISO 8062,,,,BEST-FIT,2026-04-25,DEVELOPMENT,ACCEPTED WITH REMARK,,
127,MG2026WLS00127,JCB,MFPL,RAKSHITA TONSHAL,MANGESH DESHMUKH,D. C. PANDIT,ELBOW FLANG,333/D8387,CASTING,MF-1_7,ISO 8062,,,,BEST-FIT,2026-04-25,DEVELOPMENT,ACCEPTED WITH REMARK,,
128,MG2026WLS00128,TVS,MEPL U3,SUMIT SABALE,MANGESH DESHMUKH,MAHESH KARANDE,TRAILING ARM,210,PATTERN,CAD COMPARISON,ISO 8062,,,,BEST-FIT,2026-04-25,DEVELOPMENT,NOT OK,,
129,MG2026WLS00129,TVS,MEPL U3,SUMIT SABALE,MANGESH DESHMUKH,MAHESH KARANDE,TRAILING ARM,210,PATTERN,CAD COMPARISON,ISO 8062,,,,BEST-FIT,2026-04-25,DEVELOPMENT,NOT OK,,
130,MG2026WLS00130,JCB,MFPL,RAKSHITA TONSHAL,MANGESH DESHMUKH,D. C. PANDIT,ELBOW FLANG,333/D8387,CASTING,MF-1_1,ISO8062,,,,BEST-FIT,2026-04-25,DEVELOPMENT,ACCEPTED WITH REMARK,,
131,MG2026WLS00131,JCB,MFPL,RAKSHITA TONSHAL,MANGESH DESHMUKH,D. C. PANDIT,ELBOW FLANG,333/D8387,CASTING,MF-1_2,ISO8062,,,,BEST-FIT,2026-04-25,DEVELOPMENT,ACCEPTED WITH REMARK,,
132,MG2026WLS00132,JCB,MFPL,RAKSHITA TONSHAL,MANGESH DESHMUKH,D. C. PANDIT,ELBOW FLANG,333/D8387,CASTING,MF-1_3,ISO8062,,,,BEST-FIT,2026-04-25,DEVELOPMENT,ACCEPTED WITH REMARK,,
133,MG2026WLS00133,GENERAC,DI,SUMIT SABALE,MANGESH DESHMUKH,A. K. AGRE,MANIFOLD COOLENT CAST,A008213608,CASTING,DI-2,ISO8062,D,,,BEST-FIT,2026-04-26,DEVELOPMENT,ACCEPTED WITH REMARK,,
134,MG2026WLS00134,GENERAC,DI,SUMIT SABALE,MANGESH DESHMUKH,A. K. AGRE,MANIFOLD COOLENT CAST,A008213608,CASTING,DI-2,ISO8062,D,,,BEST-FIT,2026-04-26,DEVELOPMENT,ACCEPTED WITH REMARK,,
135,MG2026WLS00135,GENERAC,DI,SUMIT SABALE,MANGESH DESHMUKH,A. K. AGRE,MANIFOLD COOLENT CAST,A008213608,CASTING,DI-1,ISO 8062,D,,,BEST-FIT,2026-04-26,DEVELOPMENT,ACCEPTED WITH REMARK,,
136,MG2026WLS00136,NAVISTAR,MFPL,RAKSHITA TONSHAL,MANGESH DESHMUKH,D. C. PANDIT,ADAPTER 2019,3812019,LOOSE PATTERN,MF-4,ISO8062,,,,BEST-FIT,2026-04-26,DEVELOPMENT,FOUND OK,,
137,MG2026WLS00137,NAVISTAR,MFPL,RAKSHITA TONSHAL,MANGESH DESHMUKH,D. C. PANDIT,ADAPTER 2019,3812019,LOOSE PATTERN,MF-5,ISO8062,,,,BEST-FIT,2026-04-26,DEVELOPMENT,FOUND OK,,
138,MG2026WLS00138,NAVISTAR,MFPL,RAKSHITA TONSHAL,MANGESH DESHMUKH,D. C. PANDIT,ADAPTER 2019,3812019,LOOSE PATTERN,MF-6,ISO8062,,,,BEST-FIT,2026-04-26,DEVELOPMENT,FOUND OK,,
139,MG2026WLS00139,NAVISTAR,MFPL,RAKSHITA TONSHAL,MANGESH DESHMUKH,D. C. PANDIT,ADAPTER 2019,3812019,LOOSE PATTERN,MF-7,ISO8062,,,,BEST-FIT,2026-04-26,DEVELOPMENT,FOUND OK,,
140,MG2026WLS00140,NAVISTAR,MFPL,RAKSHITA TONSHAL,MANGESH DESHMUKH,D. C. PANDIT,ADAPTER 2019,3812019,LOOSE PATTERN,MF-8,ISO8062,,,,BEST-FIT,2026-04-26,DEVELOPMENT,FOUND OK,,
141,MG2026WLS00141,NAVISTAR,MFPL,RAKSHITA TONSHAL,MANGESH DESHMUKH,D. C. PANDIT,ADAPTER 2019,3812019,LOOSE PATTERN,MF-9,ISO8062,,,,BEST-FIT,2026-04-26,DEVELOPMENT,FOUND OK,,
142,MG2026WLS00142,NAVISTAR,MFPL,RAKSHITA TONSHAL,MANGESH DESHMUKH,D. C. PANDIT,ADAPTER 2019,3812019,LOOSE PATTERN,MF-10,ISO8062,,,,BEST-FIT,2026-04-26,DEVELOPMENT,FOUND OK,,
143,MG2026WLS00143,NAVISTAR,MFPL,RAKSHITA TONSHAL,MANGESH DESHMUKH,D. C. PANDIT,ADAPTER 2019,3812019,LOOSE PATTERN,MF-11,ISO8062,,,,BEST-FIT,2026-04-26,DEVELOPMENT,FOUND OK,,
144,MG2026WLS00144,NAVISTAR,MFPL,RAKSHITA TONSHAL,MANGESH DESHMUKH,D. C. PANDIT,ADAPTER 2019,3812019,LOOSE PATTERN,MF-12,ISO8062,,,,BEST-FIT,2026-04-26,DEVELOPMENT,FOUND OK,,
145,MG2026WLS00145,NAVISTAR,MFPL,RAKSHITA TONSHAL,MANGESH DESHMUKH,D. C. PANDIT,ADAPTER 2019,3812019,LOOSE PATTERN,MF-13,ISO8062,,,,BEST-FIT,2026-04-26,DEVELOPMENT,FOUND OK,,
146,MG2026WLS00146,NAVISTAR,MFPL,RAKSHITA TONSHAL,MANGESH DESHMUKH,D. C. PANDIT,ADAPTER 2019,3812019,LOOSE PATTERN,MF-14,ISO8062,,,,BEST-FIT,2026-04-26,DEVELOPMENT,FOUND OK,,
147,MG2026WLS00147,NAVISTAR,MFPL,RAKSHITA TONSHAL,MANGESH DESHMUKH,D. C. PANDIT,ADAPTER 2019,3812019,LOOSE PATTERN,MF-15,ISO8062,,,,BEST-FIT,2026-04-26,DEVELOPMENT,FOUND OK,,
148,MG2026WLS00148,NAVISTAR,MFPL,RAKSHITA TONSHAL,MANGESH DESHMUKH,D. C. PANDIT,ADAPTER 2019,3812019,LOOSE PATTERN,MF-16,ISO8062,,,,BEST-FIT,2026-04-26,DEVELOPMENT,FOUND OK,,
149,MG2026WLS00149,NAVISTAR,MFPL,RAKSHITA TONSHAL,MANGESH DESHMUKH,D. C. PANDIT,HINDGE HOOD SUPPORT,4081401C1,CASTING,MF-1_1,ISO8062,,,,BEST-FIT,2026-04-20,DEVELOPMENT,ACCEPTED WITH REMARK,,
150,MG2026WLS00150,NAVISTAR,MFPL,RAKSHITA TONSHAL,MANGESH DESHMUKH,D. C. PANDIT,HINDGE HOOD SUPPORT,4081401C1,CASTING,MF-1_2,ISO8062,,,,BEST-FIT,2026-04-20,DEVELOPMENT,ACCEPTED WITH REMARK,,
151,MG2026WLS00151,NAVISTAR,MFPL,RAKSHITA TONSHAL,MANGESH DESHMUKH,D. C. PANDIT,HINDGE HOOD SUPPORT,4081401C1,CASTING,MF-1_3,ISO8062,,,,BEST-FIT,2026-04-20,DEVELOPMENT,ACCEPTED WITH REMARK,,
152,MG2026WLS00152,TATA,MFPL,RAKSHITA TONSHAL,MANGESH DESHMUKH,D. C. PANDIT,BRACKET 3715,253423403715,DRAG PATTERN,MF-1,MG STD,,LOOSE PATTERN,,BEST-FIT,2026-04-30,DEVELOPMENT,FOUND OK,,
153,MG2026WLS00153,TATA,MFPL,RAKSHITA TONSHAL,MANGESH DESHMUKH,D. C. PANDIT,BRACKET 3715,253423403715,COPE PATTERN,MF-1,MG STD,,LOOSE PATTERN,,BEST-FIT,2026-04-30,DEVELOPMENT,FOUND OK,,
154,MG2026WLS00154,TATA,MFPL,RAKSHITA TONSHAL,MANGESH DESHMUKH,D. C. PANDIT,BRACKET 3715,253423403715,DRAG PATTERN,MF-2,MG STD,,LOOSE PATTERN,,BEST-FIT,2026-04-30,DEVELOPMENT,FOUND OK,,
155,MG2026WLS00155,TATA,MFPL,RAKSHITA TONSHAL,MANGESH DESHMUKH,D. C. PANDIT,BRACKET 3715,253423403715,COPE PATTERN,MF-2,MG STD,,LOOSE PATTERN,,BEST-FIT,2026-04-30,DEVELOPMENT,FOUND OK,,
156,MG2026WLS00156,NAVISTAR,MEPL U3,SUMIT SABALE,MANGESH DESHMUKH,MAHESH KARANDE,SUPPORT CASTING,4619430,CASTING,ME-1,MG STD,C1,AS CAST,1,BEST-FIT,2026-05-02,DEVELOPMENT,ACCEPTED WITH REMARK,,
157,MG2026WLS00157,NAVISTAR,MEPL U3,SUMIT SABALE,MANGESH DESHMUKH,MAHESH KARANDE,SUPPORT CASTING,4619430,CASTING,ME-1,MG STD,C1,AS CAST,,BEST-FIT,2026-04-30,DEVELOPMENT,ACCEPTED WITH REMARK,,
158,MG2026WLS00158,TATA,MFPL,RAKSHITA TONSHAL,MANGESH DESHMUKH,D. C. PANDIT,BRACKET 3701,252707143701,CASTING,MF-1_1,ISO 8062 CT9,,AS CAST,,BEST-FIT,2026-04-30,DEVELOPMENT,ACCEPTED WITH REMARK,,
159,MG2026WLS00159,TATA,MFPL,RAKSHITA TONSHAL,MANGESH DESHMUKH,D. C. PANDIT,BRACKET 3701,252707143701,CASTING,MF-1_2,ISO 8062 CT9,,AS CAST,,BEST-FIT,2026-04-30,DEVELOPMENT,ACCEPTED WITH REMARK,,
160,MG2026WLS00160,TATA,MFPL,RAKSHITA TONSHAL,MANGESH DESHMUKH,D. C. PANDIT,BRACKET 3701,252707143701,CASTING,MF-2_1,ISO 8062 CT9,,AS CAST,,BEST-FIT,2026-04-30,DEVELOPMENT,ACCEPTED WITH REMARK,,
161,MG2026WLS00161,TATA,MFPL,RAKSHITA TONSHAL,MANGESH DESHMUKH,D. C. PANDIT,BRACKET 3701,252707143701,CASTING,MF-2_2,ISO 8062 CT9,,AS CAST,,BEST-FIT,2026-04-30,DEVELOPMENT,ACCEPTED WITH REMARK,,
162,MG2026WLS00162,TATA,MFPL,RAKSHITA TONSHAL,MANGESH DESHMUKH,D. C. PANDIT,BRACKET 3715,253423403715,CASTING,MF-1_1,ISO8062CT9,,AS CAST,,BEST-FIT,2026-05-03,DEVELOPMENT,ACCEPTED WITH REMARK,,
163,MG2026WLS00163,TATA,MFPL,RAKSHITA TONSHAL,MANGESH DESHMUKH,D. C. PANDIT,BRACKET 3715,253423403715,CASTING,MF-2_1,ISO8062CT9,,AS CAST,,BEST-FIT,2026-05-03,DEVELOPMENT,ACCEPTED WITH REMARK,,
164,MG2026WLS00164,TATA,MFPL,RAKSHITA TONSHAL,MANGESH DESHMUKH,D. C. PANDIT,BRACKET 3715,253423403715,CASTING,MF-2_2,ISO8062CT9,,AS CAST,,BEST-FIT,2026-05-03,DEVELOPMENT,ACCEPTED WITH REMARK,,
165,MG2026WLS00165,TATA,MFPL,RAKSHITA TONSHAL,MANGESH DESHMUKH,D. C. PANDIT,BRACKET 3715,253423403715,CASTING,MF-1_1,ISO8062CT9,,AS CAST,,BEST-FIT,2026-05-03,DEVELOPMENT,ACCEPTED WITH REMARK,,
166,MG2026WLS00166,TATA,MFPL,RAKSHITA TONSHAL,MANGESH DESHMUKH,D. C. PANDIT,BRACKET 3715,253423403715,CASTING,MF-1_2,ISO8062CT9,,AS CAST,,BEST-FIT,2026-05-03,DEVELOPMENT,ACCEPTED WITH REMARK,,
167,MG2026WLS00167,TATA,MFPL,RAKSHITA TONSHAL,MANGESH DESHMUKH,D. C. PANDIT,BRACKET 3715,253423403715,CASTING,MF-2_1,ISO8062CT9,,AS CAST,,BEST-FIT,2026-05-03,DEVELOPMENT,ACCEPTED WITH REMARK,,
168,MG2026WLS00168,TATA,MFPL,RAKSHITA TONSHAL,MANGESH DESHMUKH,D. C. PANDIT,BRACKET 3715,253423403715,CASTING,MF-2_2,ISO8062CT9,,AS CAST,,BEST-FIT,2026-05-03,DEVELOPMENT,ACCEPTED WITH REMARK,,
169,MG2026WLS00169,TATA,MFPL,RAKSHITA TONSHAL,MANGESH DESHMUKH,D. C. PANDIT,BRACKET 3715,253423403715,CUST MODEL VS DRAFTED MODEL,CAD COMPARISON,MG STD,,COMPARISON,,BEST-FIT,2026-05-03,DEVELOPMENT,COMPARISON,,
170,MG2026WLS00170,HIL,MFPL,RAKSHITA TONSHAL,MANGESH DESHMUKH,D. C. PANDIT,INLET CONE,82856135,CASTING,MF-2,ISO8062CT8,,AS CAST,,BEST-FIT,2026-05-04,AFTER TOOL CORRECTION,ACCEPTED WITH REMARK,,
171,MG2026WLS00171,HIL,MFPL,RAKSHITA TONSHAL,MANGESH DESHMUKH,D. C. PANDIT,INLET CONE,82856135,CASTING,Mf-3,,,AS CAST,,BEST-FIT,2026-05-04,AFTER TOOL CORRECTION,ACCEPTED WITH REMARK,,
172,MG2026WLS00172,NAVISTAR,MFPL,RAKSHITA TONSHAL,MANGESH DESHMUKH,D. C. PANDIT,ADAPTER 2019,3812019,CORE BOX,MAIN CORE BOX,MG STD,,MAIN CORE BOX,,BEST-FIT,2026-05-07,DEVELOPMENT,FOUND OK,,
173,MG2026WLS00173,NAVISTAR,MFPL,RAKSHITA TONSHAL,MANGESH DESHMUKH,D. C. PANDIT,ADAPTER 2019,3812019,CORE BOX,MAIN CORE BOX,MG STD,,MAIN CORE BOX,,BEST-FIT,2026-05-07,DEVELOPMENT,FOUND OK,,
174,MG2026WLS00174,TATA,MFPL,RAKSHITA TONSHAL,MANGESH DESHMUKH,D. C. PANDIT,BRACKET 3797,253414113797,DRAG PATTERN,MF-1,MG STD,,LOOSE PATTERN,,BEST-FIT,2026-05-07,DEVELOPMENT,ACCEPTED WITH REMARK,,
175,MG2026WLS00175,TATA,MFPL,RAKSHITA TONSHAL,MANGESH DESHMUKH,D. C. PANDIT,BRACKET 3797,253414113797,COPE PATTERN,MF-1,MG STD,,LOOSE PATTERN,,BEST-FIT,2026-05-07,DEVELOPMENT,ACCEPTED WITH REMARK,,
176,MG2026WLS00176,TATA,MFPL,RAKSHITA TONSHAL,MANGESH DESHMUKH,D. C. PANDIT,BRACKET 3715,253423403715,CASTING,MF-2-1,MG STD,,,,BEST-FIT,2026-05-03,DEVELOPMENT,ACCEPTED WITH REMARK,,
177,MG2026WLS00177,TATA,MFPL,RAKSHITA TONSHAL,MANGESH DESHMUKH,D. C. PANDIT,BRACKET 3715,253423403715,CASTING,MF-1-2,MG STD,,,,BEST-FIT,2026-05-03,DEVELOPMENT,ACCEPTED WITH REMARK,,
178,MG2026WLS00178,TATA,MFPL,RAKSHITA TONSHAL,MANGESH DESHMUKH,D. C. PANDIT,BRACKET 3715,253423403715,CASTING,MF-1-1,MG STD,,,,BEST-FIT,2026-05-03,DEVELOPMENT,ACCEPTED WITH REMARK,,
179,MG2026WLS00179,TATA,MFPL,RAKSHITA TONSHAL,MANGESH DESHMUKH,D. C. PANDIT,BRACKET 3715,253423403715,CASTING,MF-2-2,MG STD,,,,BEST-FIT,2026-05-03,DEVELOPMENT,ACCEPTED WITH REMARK,,
180,MG2026WLS00180,TATA,MFPL,RAKSHITA TONSHAL,MANGESH DESHMUKH,D. C. PANDIT,BRACKET 3715,253423403715,CASTING,MF-2-3,MG STD,,,,BEST-FIT,2026-05-03,DEVELOPMENT,ACCEPTED WITH REMARK,,
181,MG2026WLS00181,TATA,MEPL U3,SUMIT SABALE,MANGESH DESHMUKH,MAHESH KARANDE,BRACKET 3721,252723403721,OLD VS NEW MODEL,CAD COMPARISON,MG STD,,CAD COMPARISON,,BEST-FIT,2026-05-10,DEVELOPMENT,CONDITIONALLY OK,,
182,MG2026WLS00182,TATA,MEPL U3,SUMIT SABALE,MANGESH DESHMUKH,MAHESH KARANDE,BRACKET 3721,252723403721,OLD VS NEW MODEL,CAD COMPARISON,MG STD,,CAD COMPARISON,,BEST-FIT,2026-05-10,DEVELOPMENT,CONDITIONALLY OK,,
183,MG2026WLS00183,AWJ,DI,SUMIT SABALE,MANGESH DESHMUKH,A. K. AGRE,CRANKCASE 20195,20195,DRAG PATTERN,DI-12,MG STD,,,,BEST-FIT,2026-05-10,DEVELOPMENT,FOUND OK,,
184,MG2026WLS00184,AWJ,DI,SUMIT SABALE,MANGESH DESHMUKH,A. K. AGRE,CRANKCASE 20195,20195,DRAG PATTERN,DI-13,MG STD,,,,BEST-FIT,2026-05-10,DEVELOPMENT,FOUND OK,,
185,MG2026WLS00185,AWJ,DI,SUMIT SABALE,MANGESH DESHMUKH,A. K. AGRE,CRANKCASE 20195,20195,DRAG PATTERN,DI-14,MG STD,,,,BEST-FIT,2026-05-10,DEVELOPMENT,FOUND OK,,
186,MG2026WLS00186,AWJ,DI,SUMIT SABALE,MANGESH DESHMUKH,A. K. AGRE,CRANKCASE 20195,20195,DRAG PATTERN,DI-15,MG STD,,,,BEST-FIT,2026-05-10,DEVELOPMENT,FOUND OK,,
187,MG2026WLS00187,AWJ,DI,SUMIT SABALE,MANGESH DESHMUKH,A. K. AGRE,CRANKCASE 20195,20195,COPE PATTERN,DI-12,MG STD,,,,BEST-FIT,2026-05-10,DEVELOPMENT,FOUND OK,,
188,MG2026WLS00188,AWJ,DI,SUMIT SABALE,MANGESH DESHMUKH,A. K. AGRE,CRANKCASE 20195,20195,COPE PATTERN,DI-13,MG STD,,,,BEST-FIT,2026-05-10,DEVELOPMENT,FOUND OK,,
189,MG2026WLS00189,AWJ,DI,SUMIT SABALE,MANGESH DESHMUKH,A. K. AGRE,CRANKCASE 20195,20195,COPE PATTERN,DI-14,MG STD,,,,BEST-FIT,2026-05-10,DEVELOPMENT,FOUND OK,,
190,MG2026WLS00190,AWJ,DI,SUMIT SABALE,MANGESH DESHMUKH,A. K. AGRE,CRANKCASE 20195,20195,COPE PATTERN,DI-15,MG STD,,,,BEST-FIT,2026-05-10,DEVELOPMENT,FOUND OK,,
191,MG2026WLS00191,INEL,DI,SUMIT SABALE,MANGESH DESHMUKH,A. K. AGRE,FLYWHEEL,2040335,LOOSE PATTERN,DI-7,MG STD,,,,BEST-FIT,2026-05-10,DEVELOPMENT,FOUND OK,,
192,MG2026WLS00192,INEL,DI,SUMIT SABALE,MANGESH DESHMUKH,A. K. AGRE,FLYWHEEL,2040335,LOOSE PATTERN,DI-8,MG STD,,,,BEST-FIT,2026-05-10,DEVELOPMENT,FOUND OK,,
193,MG2026WLS00193,INEL,DI,SUMIT SABALE,MANGESH DESHMUKH,A. K. AGRE,FLYWHEEL,2040335,LOOSE PATTERN,DI-9,MG STD,,,,BEST-FIT,2026-05-10,DEVELOPMENT,FOUND OK,,
194,MG2026WLS00194,INEL,DI,SUMIT SABALE,MANGESH DESHMUKH,A. K. AGRE,FLYWHEEL,2040335,LOOSE PATTERN,DI-10,MG STD,,,,BEST-FIT,2026-05-10,DEVELOPMENT,FOUND OK,,
195,MG2026WLS00195,INEL,DI,SUMIT SABALE,MANGESH DESHMUKH,A. K. AGRE,FLYWHEEL,2040335,LOOSE PATTERN,DI-11,MG STD,,,,BEST-FIT,2026-05-10,DEVELOPMENT,FOUND OK,,
196,MG2026WLS00196,INEL,DI,SUMIT SABALE,MANGESH DESHMUKH,A. K. AGRE,FLYWHEEL,2040335,LOOSE PATTERN,DI-12,MG STD,,,,BEST-FIT,2026-05-10,DEVELOPMENT,FOUND OK,,
197,MG2026WLS00197,INEL,DI,SUMIT SABALE,MANGESH DESHMUKH,A. K. AGRE,FLYWHEEL,2040335,LOOSE PATTERN,DI-13,MG STD,,,,BEST-FIT,2026-05-10,DEVELOPMENT,FOUND OK,,
198,MG2026WLS00198,INEL,DI,SUMIT SABALE,MANGESH DESHMUKH,A. K. AGRE,FLYWHEEL,2040335,LOOSE PATTERN,DI-14,MG STD,,,,BEST-FIT,2026-05-10,DEVELOPMENT,FOUND OK,,
199,MG2026WLS00199,AWJ,DI,RAKSHITA TONSHAL,MANGESH DESHMUKH,A. K. AGRE,CRANKCASE 20195,20195,CASTING,DI-12,MG STD,,AS CAST,,BEST-FIT,2026-05-11,DEVELOPMENT,ACCEPTED WITH REMARK,,
200,MG2026WLS00200,AWJ,DI,RAKSHITA TONSHAL,MANGESH DESHMUKH,A. K. AGRE,CRANKCASE 20195,20195,CASTING,DI-13,MG STD,,AS CAST,,BEST-FIT,2026-05-11,DEVELOPMENT,ACCEPTED WITH REMARK,,
201,MG2026WLS00201,AWJ,DI,RAKSHITA TONSHAL,MANGESH DESHMUKH,A. K. AGRE,CRANKCASE 20195,20195,CASTING,DI-14,MG STD,,AS CAST,,BEST-FIT,2026-05-11,DEVELOPMENT,ACCEPTED WITH REMARK,,
202,MG2026WLS00202,AWJ,DI,RAKSHITA TONSHAL,MANGESH DESHMUKH,A. K. AGRE,CRANKCASE 20195,20195,CASTING,DI-15,MG STD,,AS CAST,,BEST-FIT,2026-05-11,DEVELOPMENT,ACCEPTED WITH REMARK,,
203,MG2026WLS00203,MAHINDRA & MAHINDRA,MFPL,RAKSHITA TONSHAL,MANGESH DESHMUKH,D. C. PANDIT,END CAP 396,344396,CASTING,MF-1_1,ISO8062CT9,,AS CAST,,BEST-FIT,2026-05-11,DEVELOPMENT,ACCEPTED WITH REMARK,,
204,MG2026WLS00204,MAHINDRA & MAHINDRA,MFPL,RAKSHITA TONSHAL,MANGESH DESHMUKH,D. C. PANDIT,END CAP 396,344396,CASTING,MF-1_2,ISO8062CT9,,AS CAST,,BEST-FIT,2026-05-11,DEVELOPMENT,ACCEPTED WITH REMARK,,
205,MG2026WLS00205,MAHINDRA & MAHINDRA,MFPL,RAKSHITA TONSHAL,MANGESH DESHMUKH,D. C. PANDIT,END CAP 396,344396,CASTING,MF-1_3,ISO8062CT9,,AS CAST,,BEST-FIT,2026-05-11,DEVELOPMENT,ACCEPTED WITH REMARK,,
206,MG2026WLS00206,MAHINDRA & MAHINDRA,MFPL,RAKSHITA TONSHAL,MANGESH DESHMUKH,D. C. PANDIT,END CAP 396,344396,CASTING,MF-1_4,ISO8062CT9,,AS CAST,,BEST-FIT,2026-05-11,DEVELOPMENT,ACCEPTED WITH REMARK,,
207,MG2026WLS00207,TATA,MFPL,RAKSHITA TONSHAL,MANGESH DESHMUKH,D. C. PANDIT,BRACKET 3797,253414113797,CASTING,MF-1,ISO8062CT8,d,AS CAST,,BEST-FIT,2026-05-12,DEVELOPMENT,ACCEPTED WITH REMARK,,
208,MG2026WLS00208,TATA,MEPL U3,SUMIT SABALE,MANGESH DESHMUKH,D. C. PANDIT,REAR HUB 3707,581735603707,CASTING,ME-1,ISO8062,D,AS CAST,,BEST-FIT,2026-05-12,DEVELOPMENT,ACCEPTED WITH REMARK,,
209,MG2026WLS00209,TATA,MEPL U3,SUMIT SABALE,MANGESH DESHMUKH,D. C. PANDIT,REAR HUB 3707,581735603707,CASTING,ME-2,ISO8062,D,AS CAST,,BEST-FIT,2026-05-12,DEVELOPMENT,ACCEPTED WITH REMARK,,
210,MG2026WLS00210,AWJ,MEPL H25,SUMIT SABALE,MANGESH DESHMUKH,SANDESH PAWAR,CRANKCASE 20195,20195,MACHINED CASTING,DI-13,MG STD,,MACHINED OK VS NOT OK COMP,,BEST-FIT,2026-05-12,COMPARISON,CONDITIONALLY OK,,
211,MG2026WLS00211,AWJ,DI,SUMIT SABALE,MANGESH DESHMUKH,A. K. AGRE,CRANKCASE 20195,20195,CASTING,DI-14,ISO 8062,,,,BEST-FIT,2026-05-12,COMPARISON,CONDITIONALLY OK,,
212,MG2026WLS00212,AWJ,DI,SUMIT SABALE,MANGESH DESHMUKH,A. K. AGRE,CRANKCASE 20195,20195,CASTING,DI-15,ISO 8062,,,,BEST-FIT,2026-05-12,COMPARISON,CONDITIONALLY OK,,
213,MG2026WLS00213,TATA,MFPL,RAKSHITA TONSHAL,MANGESH DESHMUKH,D. C. PANDIT,BRACKET 3797,253414113797,CASTING,MF-1_2,ISO 8062,,,,BEST-FIT,2026-05-13,DEVELOPMENT,ACCEPTED WITH REMARK,,
214,MG2026WLS00214,TATA,MFPL,RAKSHITA TONSHAL,MANGESH DESHMUKH,D. C. PANDIT,BRACKET 3797,253414113797,CASTING,MF-1_3,ISO 8062,,,,BEST-FIT,2026-05-13,DEVELOPMENT,ACCEPTED WITH REMARK,,
215,MG2026WLS00215,TATA,MEPL U3,SUMIT SABALE,MANGESH DESHMUKH,MAHESH KARANDE,EXHAUST MANIFOLD,253414113755,CASTING,ME-1,TS12125 GTB15,,,,BEST-FIT,2026-05-14,DEVELOPMENT,ACCEPTED WITH REMARK,,
216,MG2026WLS00216,TATA,MEPL U3,SUMIT SABALE,MANGESH DESHMUKH,MAHESH KARANDE,EXHAUST MANIFOLD,253414113755,CASTING,ME-2,TS12125 GTB15,,,,BEST-FIT,2026-05-14,DEVELOPMENT,ACCEPTED WITH REMARK,,
217,MG2026WLS00217,TVS,MEPL U3,SUMIT SABALE,MANGESH DESHMUKH,MAHESH KARANDE,TRAILING ARM,210,PATTERN,COPE,ISO 8062,,,,BEST-FIT,2026-05-15,DEVELOPMENT,ACCEPTED WITH REMARK,,
218,MG2026WLS00218,TVS,MEPL U3,SUMIT SABALE,MANGESH DESHMUKH,MAHESH KARANDE,TRAILING ARM,210,PATTERN,DRAG,ISO 8062,,,,BEST-FIT,2026-05-15,DEVELOPMENT,ACCEPTED WITH REMARK,,
219,MG2026WLS00219,TVS,MEPL U3,SUMIT SABALE,MANGESH DESHMUKH,MAHESH KARANDE,SATALITE ,1199,CORE BOX,HALF-1,ISO 8062,,,,BEST-FIT,2026-05-16,DEVELOPMENT,ACCEPTED WITH REMARK,,
220,MG2026WLS00220,TVS,MEPL U3,SUMIT SABALE,MANGESH DESHMUKH,MAHESH KARANDE,SATALITE ,1199,CORE BOX,HALF-2,ISO 8062,,,,BEST-FIT,2026-05-16,DEVELOPMENT,ACCEPTED WITH REMARK,,
221,MG2026WLS00221,TVS,MEPL U3,SUMIT SABALE,MANGESH DESHMUKH,MAHESH KARANDE,SATALITE ,1199,PATTERN,COPE,ISO 8062,,,,BEST-FIT,2026-05-16,DEVELOPMENT,ACCEPTED WITH REMARK,,
222,MG2026WLS00222,TVS,MEPL U3,SUMIT SABALE,MANGESH DESHMUKH,MAHESH KARANDE,SATALITE ,1199,PATTERN,DRAG,ISO 8062,,,,BEST-FIT,2026-05-16,DEVELOPMENT,ACCEPTED WITH REMARK,,
223,MG2026WLS00223,TATA,MEPL U3,SUMIT SABALE,MANGESH DESHMUKH,MAHESH KARANDE,GUIDE PLATE,7103,CASTING,ME-1,ISO 8062 CT8,,,,BEST-FIT,2026-09-20,DEVELOPMENT,ACCEPTED WITH REMARK,,
224,MG2026WLS00224,TATA,MEPL U3,SUMIT SABALE,MANGESH DESHMUKH,MAHESH KARANDE,REAR HUB 3709,581735603709,CASTING,ME-1,TS12125 GTB16,,,,BEST-FIT,2026-05-15,DEVELOPMENT,ACCEPTED WITH REMARK,,
225,MG2026WLS00225,TATA,MEPL U3,SUMIT SABALE,MANGESH DESHMUKH,MAHESH KARANDE,REAR HUB 3709,581735603709,CASTING,ME-2,TS12125 GTB16,,,,BEST-FIT,2026-05-15,DEVELOPMENT,ACCEPTED WITH REMARK,,
226,MG2026WLS00226,BAJAJ,MSL,SUMIT SABALE,MANGESH DESHMUKH,ANAND KHUSHWAHA,CYL. BLOCK,AF101910,CASTING,M-1_1,ISO 8062_CT 9,01,,,BEST-FIT,2026-05-17,DEVELOPMENT,ACCEPTED WITH REMARK,,
227,MG2026WLS00227,BAJAJ,MSL,SUMIT SABALE,MANGESH DESHMUKH,ANAND KHUSHWAHA,CYL. BLOCK,AF101910,CASTING,M-1_2,ISO 8062_CT 9,01,,,BEST-FIT,2026-05-17,DEVELOPMENT,ACCEPTED WITH REMARK,,
228,MG2026WLS00228,BAJAJ,MSL,SUMIT SABALE,MANGESH DESHMUKH,ANAND KHUSHWAHA,CYL. BLOCK,AF101910,CASTING,M-2_1,ISO 8062_CT 9,01,,,BEST-FIT,2026-05-17,DEVELOPMENT,ACCEPTED WITH REMARK,,
229,MG2026WLS00229,BAJAJ,MEPL U3,SUMIT SABALE,MANGESH DESHMUKH,MAHESH KARANDE,HUB FRONT ,AZ131605,CASTING,ME-9,ABS00002,,,,BEST-FIT,2026-05-17,DEVELOPMENT,ACCEPTED WITH REMARK,,
230,MG2026WLS00230,BAJAJ,MEPL U3,SUMIT SABALE,MANGESH DESHMUKH,MAHESH KARANDE,HUB FRONT ,AZ131605,CASTING,ME-10,ABS00002,,,,BEST-FIT,2026-05-17,DEVELOPMENT,ACCEPTED WITH REMARK,,
231,MG2026WLS00231,BAJAJ,MEPL U3,SUMIT SABALE,MANGESH DESHMUKH,MAHESH KARANDE,HUB FRONT ,AZ131605,CASTING,ME-11,ABS00002,,,,BEST-FIT,2026-05-17,DEVELOPMENT,ACCEPTED WITH REMARK,,
232,MG2026WLS00232,BAJAJ,MEPL U3,SUMIT SABALE,MANGESH DESHMUKH,MAHESH KARANDE,HUB FRONT ,AZ131605,CASTING,ME-12,ABS00002,,,,BEST-FIT,2026-05-17,DEVELOPMENT,ACCEPTED WITH REMARK,,
233,MG2026WLS00233,BAJAJ,MEPL U3,SUMIT SABALE,MANGESH DESHMUKH,MAHESH KARANDE,HUB FRONT ,AZ131605,CASTING,ME-13,ABS00002,,,,BEST-FIT,2026-05-17,DEVELOPMENT,ACCEPTED WITH REMARK,,
234,MG2026WLS00234,BAJAJ,MEPL U3,SUMIT SABALE,MANGESH DESHMUKH,MAHESH KARANDE,HUB FRONT ,AZ131605,CASTING,ME-14,ABS00002,,,,BEST-FIT,2026-05-17,DEVELOPMENT,ACCEPTED WITH REMARK,,
235,MG2026WLS00235,BAJAJ,MEPL U3,SUMIT SABALE,MANGESH DESHMUKH,MAHESH KARANDE,HUB FRONT ,AZ131605,CASTING,ME-15,ABS00002,,,,BEST-FIT,2026-05-17,DEVELOPMENT,ACCEPTED WITH REMARK,,
236,MG2026WLS00236,BAJAJ,MEPL U3,SUMIT SABALE,MANGESH DESHMUKH,MAHESH KARANDE,HUB FRONT ,AZ131605,CASTING,ME-16,ABS00002,,,,BEST-FIT,2026-05-17,DEVELOPMENT,ACCEPTED WITH REMARK,,
237,MG2026WLS00237,NAVISTAR,MFPL,SUMIT SABALE,MANGESH DESHMUKH,D. C. PANDIT,ADAPTER 2019,3812019,CASTING,MF-1,MG STD,,,,BEST-FIT,2026-05-20,DEVELOPMENT,ACCEPTED WITH REMARK,,
238,MG2026WLS00238,NAVISTAR,MFPL,SUMIT SABALE,MANGESH DESHMUKH,D. C. PANDIT,ADAPTER 2019,3812019,CASTING,MF-2,MG STD,,,,BEST-FIT,2026-05-20,DEVELOPMENT,ACCEPTED WITH REMARK,,
239,MG2026WLS00239,NAVISTAR,MFPL,SUMIT SABALE,MANGESH DESHMUKH,D. C. PANDIT,ADAPTER 2019,3812019,CASTING,MF-3,MG STD,,,,BEST-FIT,2026-05-20,DEVELOPMENT,ACCEPTED WITH REMARK,,
240,MG2026WLS00240,NAVISTAR,MFPL,SUMIT SABALE,MANGESH DESHMUKH,D. C. PANDIT,ADAPTER 2019,3812019,CASTING,MF-4,MG STD,,,,BEST-FIT,2026-05-20,DEVELOPMENT,ACCEPTED WITH REMARK,,
241,MG2026WLS00241,NAVISTAR,MFPL,SUMIT SABALE,MANGESH DESHMUKH,D. C. PANDIT,ADAPTER 2019,3812019,CASTING,MF-5,MG STD,,,,BEST-FIT,2026-05-20,DEVELOPMENT,ACCEPTED WITH REMARK,,
242,MG2026WLS00242,NAVISTAR,MFPL,SUMIT SABALE,MANGESH DESHMUKH,D. C. PANDIT,ADAPTER 2019,3812019,CASTING,MF-6,MG STD,,,,BEST-FIT,2026-05-20,DEVELOPMENT,ACCEPTED WITH REMARK,,
243,MG2026WLS00243,NAVISTAR,MFPL,SUMIT SABALE,MANGESH DESHMUKH,D. C. PANDIT,ADAPTER 2019,3812019,CASTING,MF-7,MG STD,,,,BEST-FIT,2026-05-20,DEVELOPMENT,ACCEPTED WITH REMARK,,
244,MG2026WLS00244,NAVISTAR,MFPL,SUMIT SABALE,MANGESH DESHMUKH,D. C. PANDIT,ADAPTER 2019,3812019,CASTING,MF-8,MG STD,,,,BEST-FIT,2026-05-20,DEVELOPMENT,ACCEPTED WITH REMARK,,
245,MG2026WLS00245,NAVISTAR,MFPL,SUMIT SABALE,MANGESH DESHMUKH,D. C. PANDIT,ADAPTER 2019,3812019,CASTING,MF-9,MG STD,,,,BEST-FIT,2026-05-20,DEVELOPMENT,ACCEPTED WITH REMARK,,
246,MG2026WLS00246,NAVISTAR,MFPL,SUMIT SABALE,MANGESH DESHMUKH,D. C. PANDIT,ADAPTER 2019,3812019,CASTING,MF-10,MG STD,,,,BEST-FIT,2026-05-20,DEVELOPMENT,ACCEPTED WITH REMARK,,
247,MG2026WLS00247,NAVISTAR,MFPL,SUMIT SABALE,MANGESH DESHMUKH,D. C. PANDIT,ADAPTER 2019,3812019,CASTING,MF-11,MG STD,,,,BEST-FIT,2026-05-20,DEVELOPMENT,ACCEPTED WITH REMARK,,
248,MG2026WLS00248,NAVISTAR,MFPL,SUMIT SABALE,MANGESH DESHMUKH,D. C. PANDIT,ADAPTER 2019,3812019,CASTING,MF-12,MG STD,,,,BEST-FIT,2026-05-20,DEVELOPMENT,ACCEPTED WITH REMARK,,
249,MG2026WLS00249,BAJAJ,MEPL H21,RAKSHITA TONSHAL,MANGESH DESHMUKH,WAMANRAO SALUNKHE,MANIFOLD INTAKE,JZ581436,MACHINED CASTING,ME-1_1,ABS00002,,,,BEST-FIT,2026-05-16,REJECTION ANALYSIS,ACCEPTED WITH REMARK,,
250,MG2026WLS00250,BAJAJ,MEPL H21,RAKSHITA TONSHAL,MANGESH DESHMUKH,WAMANRAO SALUNKHE,MANIFOLD INTAKE,JZ581436,MACHINED CASTING,ME-1_2,ABS00002,,,,BEST-FIT,2026-05-16,REJECTION ANALYSIS,ACCEPTED WITH REMARK,,
251,MG2026WLS00251,GENERAC,MEPL U3,SUMIT SABALE,MANGESH DESHMUKH,MAHESH KARANDE,MANIFOLD EXHAUST,A0008369598,CASTING,ME-1,MG STD,B,,,X-Y-Z DATUM,2026-05-17,DEVELOPMENT,ACCEPTED WITH REMARK,,
252,MG2026WLS00252,TVS,MEPL U3,SUMIT SABALE,MANGESH DESHMUKH,MAHESH KARANDE,TRAILING ARM,G2100210,CASTING,ME-25,,,,,BEST-FIT,2026-05-22,DEVELOPMENT,ACCEPTED WITH REMARK,,
253,MG2026WLS00253,TVS,MEPL U3,SUMIT SABALE,MANGESH DESHMUKH,MAHESH KARANDE,TRAILING ARM,G2100210,CASTING,ME-26,,,,,BEST-FIT,2026-05-22,DEVELOPMENT,ACCEPTED WITH REMARK,,
254,MG2026WLS00254,TVS,MEPL U3,SUMIT SABALE,MANGESH DESHMUKH,MAHESH KARANDE,TRAILING ARM,G2100210,CASTING,ME-28,,,,,BEST-FIT,2026-05-22,DEVELOPMENT,ACCEPTED WITH REMARK,,
255,MG2026WLS00255,TVS,MEPL U3,SUMIT SABALE,MANGESH DESHMUKH,MAHESH KARANDE,TRAILING ARM,G2100210,CASTING,ME-29,,,,,BEST-FIT,2026-05-22,DEVELOPMENT,ACCEPTED WITH REMARK,,
256,MG2026WLS00256,TVS,MEPL U3,SUMIT SABALE,MANGESH DESHMUKH,MAHESH KARANDE,TRAILING ARM,G2100210,CASTING,ME-29_2,,,,,BEST-FIT,2026-05-22,DEVELOPMENT,ACCEPTED WITH REMARK,,
257,MG2026WLS00257,TVS,MEPL U3,SUMIT SABALE,MANGESH DESHMUKH,MAHESH KARANDE,TRAILING ARM,G2100210,CASTING,ME-30,,,,,BEST-FIT,2026-05-22,DEVELOPMENT,ACCEPTED WITH REMARK,,
258,MG2026WLS00258,TATA,MEPL U3,SUMIT SABALE,MANGESH DESHMUKH,MAHESH KARANDE,REAR HUB 3729,266135603729,CASTING,ME-1,TS12125GTB15,,,,BEST-FIT,2026-05-20,DEVELOPMENT,ACCEPTED WITH REMARK,,
259,MG2026WLS00259,TATA,MEPL U3,SUMIT SABALE,MANGESH DESHMUKH,MAHESH KARANDE,REAR HUB 3729,266135603729,CASTING,ME-2,TS12125GTB15,,,,BEST-FIT,2026-05-20,DEVELOPMENT,ACCEPTED WITH REMARK,,
260,MG2026WLS00260,BAJAJ,MSL,RAKSHITA TONSHAL,MANGESH DESHMUKH,ANAND KHUSHWAHA,CYL. BLOCK K405,JZ521017,CASTING,MSL-01,ABS00002,,,,BEST-FIT,2026-05-23,DEVELOPMENT,ACCEPTED WITH REMARK,,
261,MG2026WLS00261,BAJAJ,MEPL U3,SUMIT SABALE,MANGESH DESHMUKH,MAHESH KARANDE,HUB FRONT WHEEL,24171136,PATTERN,DRAG,ISO 8062,,,,BEST-FIT,2026-09-12,DEVELOPMENT,ACCEPTED WITH REMARK,,
262,MG2026WLS00262,BAJAJ,MEPL U3,SUMIT SABALE,MANGESH DESHMUKH,MAHESH KARANDE,HUB FRONT WHEEL,24171136,PATTERN,COPE,ISO 8062,,,,BEST-FIT,2026-09-12,DEVELOPMENT,ACCEPTED WITH REMARK,,
263,MG2026WLS00263,HERO,MFPL,SUMIT SABALE,MANGESH DESHMUKH,D. C. PANDIT,ACK CYL BLOCK,12101ACK0000010,PATTERN,MF-61,ISO 8062,,,,BEST-FIT,2026-05-25,DEVELOPMENT,ACCEPTED WITH REMARK,,
264,MG2026WLS00264,HERO,MFPL,SUMIT SABALE,MANGESH DESHMUKH,D. C. PANDIT,ACK CYL BLOCK,12101ACK0000010,PATTERN,MF-61,ISO 8062,,,,BEST-FIT,2026-05-25,DEVELOPMENT,ACCEPTED WITH REMARK,,
265,MG2026WLS00265,HERO,MFPL,SUMIT SABALE,MANGESH DESHMUKH,D. C. PANDIT,ACK CYL BLOCK,12101ACK0000010,PATTERN,MF-62,ISO 8062,,,,BEST-FIT,2026-05-25,DEVELOPMENT,ACCEPTED WITH REMARK,,
266,MG2026WLS00266,HERO,MFPL,SUMIT SABALE,MANGESH DESHMUKH,D. C. PANDIT,ACK CYL BLOCK,12101ACK0000010,PATTERN,MF-62,ISO 8062,,,,BEST-FIT,2026-05-25,DEVELOPMENT,ACCEPTED WITH REMARK,,
267,MG2026WLS00267,BAJAJ,MEPL U3,SUMIT SABALE,MANGESH DESHMUKH,MAHESH KARANDE,HUB REAR ,AH131680,CASTING,ME-1,ABS00002,,,,BEST-FIT,2026-05-25,DEVELOPMENT,ACCEPTED WITH REMARK,,
268,MG2026WLS00268,BAJAJ,MEPL U3,SUMIT SABALE,MANGESH DESHMUKH,MAHESH KARANDE,HUB REAR ,AH131680,CASTING,ME-2,ABS00002,,,,BEST-FIT,2026-05-25,DEVELOPMENT,ACCEPTED WITH REMARK,,
269,MG2026WLS00269,BAJAJ,MEPL U3,SUMIT SABALE,MANGESH DESHMUKH,MAHESH KARANDE,HUB REAR ,AH131680,CASTING,ME-3,ABS00002,,,,BEST-FIT,2026-05-25,DEVELOPMENT,ACCEPTED WITH REMARK,,
270,MG2026WLS00270,BAJAJ,MEPL U3,SUMIT SABALE,MANGESH DESHMUKH,MAHESH KARANDE,HUB REAR ,AH131680,CASTING,ME-4,ABS00002,,,,BEST-FIT,2026-05-25,DEVELOPMENT,ACCEPTED WITH REMARK,,
271,MG2026WLS00271,BAJAJ,MEPL U3,SUMIT SABALE,MANGESH DESHMUKH,MAHESH KARANDE,HUB REAR ,AH131680,CASTING,ME-5,ABS00002,,,,BEST-FIT,2026-05-25,DEVELOPMENT,ACCEPTED WITH REMARK,,
272,MG2026WLS00272,BAJAJ,MEPL U3,SUMIT SABALE,MANGESH DESHMUKH,MAHESH KARANDE,HUB REAR ,AH131680,CASTING,ME-6,ABS00002,,,,BEST-FIT,2026-05-25,DEVELOPMENT,ACCEPTED WITH REMARK,,
273,MG2026WLS00273,BAJAJ,MEPL U3,SUMIT SABALE,MANGESH DESHMUKH,MAHESH KARANDE,HUB REAR ,AH131680,CASTING,ME-7,ABS00002,,,,BEST-FIT,2026-05-25,DEVELOPMENT,ACCEPTED WITH REMARK,,
274,MG2026WLS00274,BAJAJ,MEPL U3,SUMIT SABALE,MANGESH DESHMUKH,MAHESH KARANDE,HUB REAR ,AH131680,CASTING,ME-8,ABS00002,,,,BEST-FIT,2026-05-25,DEVELOPMENT,ACCEPTED WITH REMARK,,
275,MG2026WLS00275,BAJAJ,MEPL U3,SUMIT SABALE,MANGESH DESHMUKH,MAHESH KARANDE,HUB REAR ,AH131680,CASTING,ME-9,ABS00002,,,,BEST-FIT,2026-05-25,DEVELOPMENT,ACCEPTED WITH REMARK,,
276,MG2026WLS00276,BAJAJ,MEPL U3,SUMIT SABALE,MANGESH DESHMUKH,MAHESH KARANDE,HUB REAR ,AH131680,CASTING,ME-10,ABS00002,,,,BEST-FIT,2026-05-25,DEVELOPMENT,ACCEPTED WITH REMARK,,
277,MG2026WLS00277,BAJAJ,MEPL U3,SUMIT SABALE,MANGESH DESHMUKH,MAHESH KARANDE,HUB REAR ,AH131680,CASTING,ME-11,ABS00002,,,,BEST-FIT,2026-05-25,DEVELOPMENT,ACCEPTED WITH REMARK,,
278,MG2026WLS00278,BAJAJ,MEPL U3,SUMIT SABALE,MANGESH DESHMUKH,MAHESH KARANDE,HUB REAR ,AH131680,CASTING,ME-12,ABS00002,,,,BEST-FIT,2026-05-25,DEVELOPMENT,ACCEPTED WITH REMARK,,
279,MG2026WLS00279,BAJAJ,MEPL U3,SUMIT SABALE,MANGESH DESHMUKH,MAHESH KARANDE,HUB REAR ,AH131680,CASTING,ME-13,ABS00002,,,,BEST-FIT,2026-05-25,DEVELOPMENT,ACCEPTED WITH REMARK,,
280,MG2026WLS00280,BAJAJ,MEPL U3,SUMIT SABALE,MANGESH DESHMUKH,MAHESH KARANDE,HUB REAR ,AH131680,CASTING,ME-14,ABS00002,,,,BEST-FIT,2026-05-25,DEVELOPMENT,ACCEPTED WITH REMARK,,
281,MG2026WLS00281,BAJAJ,MEPL U3,SUMIT SABALE,MANGESH DESHMUKH,MAHESH KARANDE,HUB REAR ,AH131680,CASTING,ME-15,ABS00002,,,,BEST-FIT,2026-05-25,DEVELOPMENT,ACCEPTED WITH REMARK,,
282,MG2026WLS00282,BAJAJ,MEPL U3,SUMIT SABALE,MANGESH DESHMUKH,MAHESH KARANDE,HUB REAR ,AH131680,CASTING,ME-16,ABS00002,,,,BEST-FIT,2026-05-25,DEVELOPMENT,ACCEPTED WITH REMARK,,
283,MG2026WLS00283,BAJAJ,MEPL U3,SUMIT SABALE,MANGESH DESHMUKH,MAHESH KARANDE,HUB REAR ,AH131680,CASTING,ME-17,ABS00002,,,,BEST-FIT,2026-05-25,DEVELOPMENT,ACCEPTED WITH REMARK,,
284,MG2026WLS00284,BAJAJ,MEPL U3,SUMIT SABALE,MANGESH DESHMUKH,MAHESH KARANDE,HUB REAR ,AH131680,CASTING,ME-18,ABS00002,,,,BEST-FIT,2026-05-25,DEVELOPMENT,ACCEPTED WITH REMARK,,
285,MG2026WLS00285,BAJAJ,MEPL U3,SUMIT SABALE,MANGESH DESHMUKH,MAHESH KARANDE,HUB REAR ,AH131680,CASTING,ME-19,ABS00002,,,,BEST-FIT,2026-05-25,DEVELOPMENT,ACCEPTED WITH REMARK,,
286,MG2026WLS00286,BAJAJ,MEPL U3,SUMIT SABALE,MANGESH DESHMUKH,MAHESH KARANDE,HUB REAR ,AH131680,CASTING,ME-20,ABS00002,,,,BEST-FIT,2026-05-25,DEVELOPMENT,ACCEPTED WITH REMARK,,
287,MG2026WLS00287,HERO,MFPL,SUMIT SABALE,MANGESH DESHMUKH,D. C. PANDIT,ACK CYL BLOCK,12101ACK0000010,CASTING,MF-29-2,ISO 8062 CT8,,,,BEST-FIT,2026-09-12,DEVELOPMENT,ACCEPTED WITH REMARK,,
288,MG2026WLS00288,HERO,MFPL,SUMIT SABALE,MANGESH DESHMUKH,D. C. PANDIT,ACK CYL BLOCK,12101ACK0000010,CASTING,MF-30-2,ISO 8062 CT8,,,,BEST-FIT,2026-09-12,DEVELOPMENT,ACCEPTED WITH REMARK,,
289,MG2026WLS00289,BAJAJ,MEPL U3,SUMIT SABALE,MANGESH DESHMUKH,MAHESH KARANDE,HUB FRONT 1665,AH131665,CAD VS COPE LOOSE PATTERN CAD COMP,CAD MODEL COMPARISON,MG STD,,,,BEST-FIT,2026-05-31,DEVELOPMENT,ACCEPTED WITH REMARK,,
290,MG2026WLS00290,BAJAJ,MEPL U3,SUMIT SABALE,MANGESH DESHMUKH,MAHESH KARANDE,HUB FRONT 1665,AH131665,CAD VS DRAG LOOSE PATTERN CAD COMP,CAD MODEL COMPARISON,MG STD,,,,BEST-FIT,2026-05-31,DEVELOPMENT,ACCEPTED WITH REMARK,,
291,MG2026WLS00291,BAJAJ,MEPL U3,SUMIT SABALE,MANGESH DESHMUKH,MAHESH KARANDE,HUB FRONT 1693,AH131665,CAD VS COPE LOOSE PATTERN CAD COMP,CAD MODEL COMPARISON,MG STD,,,,BEST-FIT,2026-05-31,DEVELOPMENT,ACCEPTED WITH REMARK,,
292,MG2026WLS00292,BAJAJ,MEPL U3,SUMIT SABALE,MANGESH DESHMUKH,MAHESH KARANDE,HUB FRONT 1693,AH131665,CAD VS DRAG LOOSE PATTERN CAD COMP,CAD MODEL COMPARISON,MG STD,,,,BEST-FIT,2026-05-31,DEVELOPMENT,ACCEPTED WITH REMARK,,
293,MG2026WLS00293,BAJAJ,MFPL,SUMIT SABALE,MANGESH DESHMUKH,D. C. PANDIT,KUBOTA CYL HEAD,BB103042,CORE BOX,"FIX HALF
",ISO_8062,,CORE BOX,,BEST-FIT,2026-06-01,PERIODIC INSPECTION,ACCEPTED WITH REMARK,,
294,MG2026WLS00294,BAJAJ,MFPL,SUMIT SABALE,MANGESH DESHMUKH,D. C. PANDIT,KUBOTA CYL HEAD,BB103042,CORE BOX,"MOVING HALF
",ISO_8062,,CORE BOX,,BEST-FIT,2026-06-01,PERIODIC INSPECTION,ACCEPTED WITH REMARK,,
295,MG2026WLS00295,HERO,MFPL,SUMIT SABALE,MANGESH DESHMUKH,D. C. PANDIT,CYLINDER BLOCK ACK,12101ACK0000010,CASTING,MF-25_1,ISO 8062,,,,BEST-FIT,2026-06-03,DEVELOPMENT,ACCEPTED WITH REMARK,,
296,MG2026WLS00296,HERO,MFPL,SUMIT SABALE,MANGESH DESHMUKH,D. C. PANDIT,CYLINDER BLOCK ACK,12101ACK0000010,CASTING,MF-25_2,ISO 8062,,,,BEST-FIT,2026-06-03,DEVELOPMENT,ACCEPTED WITH REMARK,,
297,MG2026WLS00297,HERO,MFPL,SUMIT SABALE,MANGESH DESHMUKH,D. C. PANDIT,CYLINDER BLOCK ACK,12101ACK0000010,CASTING,MF-26_1,ISO 8062,,,,BEST-FIT,2026-06-03,DEVELOPMENT,ACCEPTED WITH REMARK,,
298,MG2026WLS00298,HERO,MFPL,SUMIT SABALE,MANGESH DESHMUKH,D. C. PANDIT,CYLINDER BLOCK ACK,12101ACK0000010,CASTING,MF-26_2,ISO 8062,,,,BEST-FIT,2026-06-03,DEVELOPMENT,ACCEPTED WITH REMARK,,
299,MG2026WLS00299,BAJAJ,MSL,RAKSHITA TONSHAL,MANGESH DESHMUKH,ANAND KHUSHWAHA,"CYLINDER BLOCK COMPLETE
",JE521001,CASTING,M1,,,AS CAST,,BEST-FIT,2026-06-01,DEVELOPMENT,ACCEPTED WITH REMARK,,
300,MG2026WLS00300,HERO,MFPL,SUMIT SABALE,MANGESH DESHMUKH,D. C. PANDIT,ACK CYL BLOCK,12101ACK0000010,CASTING,MF-31-2,ISO 8062 CT8,,,,BEST-FIT,2026-09-12,DEVELOPMENT,ACCEPTED WITH REMARK,,
301,MG2026WLS00301,BAJAJ,MSL,SUMIT SABALE,MANGESH DESHMUKH,HARSHAD GHUTUKADE,HEAD CYLINDER 236CC,AF101908,CASTING,M1C1,ABS00002,,,,BEST-FIT,2026-09-11,DEVELOPMENT,ACCEPTED WITH REMARK,,
302,MG2026WLS00302,BAJAJ,MSL,SUMIT SABALE,MANGESH DESHMUKH,HARSHAD GHUTUKADE,HEAD CYLINDER 236CC,AF101908,CASTING,M1C2,ABS00002,,,,BEST-FIT,2026-09-11,DEVELOPMENT,ACCEPTED WITH REMARK,,
303,MG2026WLS00303,BAJAJ,MSL,SUMIT SABALE,MANGESH DESHMUKH,HARSHAD GHUTUKADE,HEAD CYLINDER 236CC,AF101908,CASTING,M1C3,ABS00002,,,,BEST-FIT,2026-09-11,DEVELOPMENT,ACCEPTED WITH REMARK,,
304,MG2026WLS00304,BAJAJ,MSL,SUMIT SABALE,MANGESH DESHMUKH,HARSHAD GHUTUKADE,HEAD CYLINDER 236CC,AF101908,CASTING,M1C4,ABS00002,,,,BEST-FIT,2026-09-11,DEVELOPMENT,ACCEPTED WITH REMARK,,
305,MG2026WLS00305,NAVISTAR,MEPL U3,SUMIT SABALE,MANGESH DESHMUKH,MAHESH KARANDE,CROSSMEMBER FRONT,3532950C4,CASTING,ME-1,ISO8062CT9,C4,,,BEST-FIT,2026-06-04,DEVELOPMENT,ACCEPTED WITH REMARK,,
306,MG2026WLS00306,NAVISTAR,MEPL U3,SUMIT SABALE,MANGESH DESHMUKH,MAHESH KARANDE,CROSSMEMBER FRONT,3532950C4,CASTING,ME-2,ISO8062CT9,C4,,,BEST-FIT,2026-06-04,DEVELOPMENT,ACCEPTED WITH REMARK,,
307,MG2026WLS00307,NAVISTAR,MEPL U3,SUMIT SABALE,MANGESH DESHMUKH,MAHESH KARANDE,CROSSMEMBER FRONT,3532950C4,CASTING,ME-3,ISO8062CT9,C4,,,BEST-FIT,2026-06-04,DEVELOPMENT,ACCEPTED WITH REMARK,,
308,MG2026WLS00308,NAVISTAR,MEPL U3,SUMIT SABALE,MANGESH DESHMUKH,MAHESH KARANDE,CROSSMEMBER FRONT,3532950C4,CASTING,ME-4,ISO8062CT9,C4,,,BEST-FIT,2026-06-04,DEVELOPMENT,ACCEPTED WITH REMARK,,
309,MG2026WLS00309,NAVISTAR,MEPL U3,SUMIT SABALE,MANGESH DESHMUKH,MAHESH KARANDE,CROSSMEMBER FRONT,3532950C4,CASTING,ME-5,ISO8062CT9,C4,,,BEST-FIT,2026-06-04,DEVELOPMENT,ACCEPTED WITH REMARK,,
310,MG2026WLS00310,NAVISTAR,MEPL U3,SUMIT SABALE,MANGESH DESHMUKH,MAHESH KARANDE,CROSSMEMBER FRONT,3532950C4,CASTING,ME-6,ISO8062CT9,C4,,,BEST-FIT,2026-06-04,DEVELOPMENT,ACCEPTED WITH REMARK,,
311,MG2026WLS00311,"GENERAC
",MEPL U3,SUMIT SABALE,MANGESH DESHMUKH,MAHESH KARANDE,MANIFOLD EXHAUST 4 CYL NA G3 CAST,"A0008369598
",CASTING,ME-1,,B,AS CAST,,XYZ-Ref.DATUM ALIGNMENT,2026-06-17,DEVELOPMENT,ACCEPTED WITH REMARK,,
312,MG2026WLS00312,GENERAC,MEPL U3,SUMIT SABALE,MANGESH DESHMUKH,MAHESH KARANDE,HOUSING FLYWHEEL,A0005852697,CASTING,ME-1,AS PER DRAWING,,AS CAST,,DATUM-ALIGNMENT,2026-06-18,DEVELOPMENT,ACCEPTED WITH REMARK,,
313,MG2026WLS00313,TATA,MFPL,SUMIT SABALE,MANGESH DESHMUKH,D. C. PANDIT,Bracket 3797,253414113797,PATTERN,COPE,,,LOOSE PATTERN,,BEST-FIT,2026-06-19,DEVELOPMENT,ACCEPTED WITH REMARK,,
314,MG2026WLS00314,TATA,MFPL,SUMIT SABALE,MANGESH DESHMUKH,D. C. PANDIT,"Bracket 3797
",253414113797,PATTERN,DRAG,,,Loose pattern,,BEST-FIT,2026-06-19,DEVELOPMENT,ACCEPTED WITH REMARK,,
315,MG2026WLS00315,BAJAJ,MEPL U3,SUMIT SABALE,MANGESH DESHMUKH,MAHESH KARANDE,HUB FRONT ,AF131665,CASTING,ME-4 (FTLI.),ABS00002,,AS CAST,,BEST-FIT,2026-06-21,DEVELOPMENT,ACCEPTED WITH REMARK,,
316,MG2026WLS00316,BAJAJ,MEPL U3,SUMIT SABALE,MANGESH DESHMUKH,MAHESH KARANDE,HUB FRONT ,AF131665,CASTING,ME-4 (WITH OUT FTLI.),ABS00002,,AS CAST,,BEST-FIT,2026-06-21,DEVELOPMENT,ACCEPTED WITH REMARK,,
317,MG2026WLS00317,TECUMSEH,DI,RAKSHITA TONSHAL,MANGESH DESHMUKH,A. K. AGRE,AWJ CRANKCASE,20195,COPE PATTERN,DI-16,ISO 8062,,LOOSE PATTERN,,BEST-FIT,2026-06-24,DEVELOPMENT,ACCEPTED WITH REMARK,,
318,MG2026WLS00318,TECUMSEH,DI,RAKSHITA TONSHAL,MANGESH DESHMUKH,A. K. AGRE,AWJ CRANKCASE,20195,COPE PATTERN,DI-17,ISO 8062,,LOOSE PATTERN,,BEST-FIT,2026-06-24,DEVELOPMENT,ACCEPTED WITH REMARK,,
319,MG2026WLS00319,TECUMSEH,DI,RAKSHITA TONSHAL,MANGESH DESHMUKH,A. K. AGRE,AWJ CRANKCASE,20195,COPE PATTERN,DI-18,ISO 8062,,LOOSE PATTERN,,BEST-FIT,2026-06-24,DEVELOPMENT,ACCEPTED WITH REMARK,,
320,MG2026WLS00320,TECUMSEH,DI,RAKSHITA TONSHAL,MANGESH DESHMUKH,A. K. AGRE,AWJ CRANKCASE,20195,COPE PATTERN,DI-19,ISO 8062,,LOOSE PATTERN,,BEST-FIT,2026-06-24,DEVELOPMENT,ACCEPTED WITH REMARK,,
321,MG2026WLS00321,TECUMSEH,DI,RAKSHITA TONSHAL,MANGESH DESHMUKH,A. K. AGRE,AWJ CRANKCASE,20195,DRAG PATTERN,DI-16,ISO 8062,,LOOSE PATTERN,,BEST-FIT,2026-06-24,DEVELOPMENT,ACCEPTED WITH REMARK,,
322,MG2026WLS00322,TECUMSEH,DI,RAKSHITA TONSHAL,MANGESH DESHMUKH,A. K. AGRE,AWJ CRANKCASE,20195,DRAG PATTERN,DI-17,ISO 8062,,LOOSE PATTERN,,BEST-FIT,2026-06-24,DEVELOPMENT,ACCEPTED WITH REMARK,,
323,MG2026WLS00323,TECUMSEH,DI,RAKSHITA TONSHAL,MANGESH DESHMUKH,A. K. AGRE,AWJ CRANKCASE,20195,DRAG PATTERN,DI-18,ISO 8062,,LOOSE PATTERN,,BEST-FIT,2026-06-24,DEVELOPMENT,ACCEPTED WITH REMARK,,
324,MG2026WLS00324,TECUMSEH,DI,RAKSHITA TONSHAL,MANGESH DESHMUKH,A. K. AGRE,AWJ CRANKCASE,20195,DRAG PATTERN,DI-19,ISO 8062,,LOOSE PATTERN,,BEST-FIT,2026-06-24,DEVELOPMENT,ACCEPTED WITH REMARK,,
325,MG2026WLS00325,HERO,MFPL,SUMIT SABALE,MANGESH DESHMUKH,D. C. PANDIT,ACK CYL BLOCK,12101ACK0000010,CASTING,MF-32-2,ISO 8062 CT8,,,,BEST-FIT,2026-09-12,DEVELOPMENT,ACCEPTED WITH REMARK,,
326,MG2026WLS00326,BAJAJ,MSL,SUMIT SABALE,MANGESH DESHMUKH,D. C. PANDIT,HEAD CYLINDER 236CC,AF101908,CASTING,M1C1,ABS00002,,,,BEST-FIT,2026-06-27,DEVELOPMENT,ACCEPTED WITH REMARK,,
327,MG2026WLS00327,BAJAJ,MSL,SUMIT SABALE,MANGESH DESHMUKH,D. C. PANDIT,HEAD CYLINDER 236CC,AF101908,CASTING,M1C2,ABS00002,,,,BEST-FIT,2026-06-27,DEVELOPMENT,ACCEPTED WITH REMARK,,
328,MG2026WLS00328,BAJAJ,MSL,SUMIT SABALE,MANGESH DESHMUKH,D. C. PANDIT,HEAD CYLINDER 236CC,AF101908,CASTING,M1C3,ABS00002,,,,BEST-FIT,2026-06-27,DEVELOPMENT,ACCEPTED WITH REMARK,,
329,MG2026WLS00329,BAJAJ,MSL,SUMIT SABALE,MANGESH DESHMUKH,D. C. PANDIT,HEAD CYLINDER 236CC,AF101908,CASTING,M1C4,ABS00002,,,,BEST-FIT,2026-06-27,DEVELOPMENT,ACCEPTED WITH REMARK,,
330,MG2026WLS00330,HERO,DI,RAKSHITA TONSHAL,MANGESH DESHMUKH,A. K. AGRE,ROTOR OIL FILTER,15431-ACK-0000,CORE BOX,FIX HALF,MG STD,,,,BEST-FIT,2026-06-28,DEVELOPMENT,ACCEPTED WITH REMARK,,
331,MG2026WLS00331,HERO,DI,RAKSHITA TONSHAL,MANGESH DESHMUKH,A. K. AGRE,ROTOR OIL FILTER,15431-ACK-0000,CORE BOX,MOVING HALF,MG STD,,,,BEST-FIT,2026-06-28,DEVELOPMENT,ACCEPTED WITH REMARK,,
332,MG2026WLS00332,NAVISTAR,MFPL,RAKSHITA TONSHAL,MANGESH DESHMUKH,D. C. PANDIT,ADAPTER 2019,3812019,CASTING,MF-3,MG STD,,,,BEST-FIT,2026-06-29,DEVELOPMENT,ACCEPTED WITH REMARK,,
333,MG2026WLS00333,NAVISTAR,MFPL,RAKSHITA TONSHAL,MANGESH DESHMUKH,D. C. PANDIT,ADAPTER 2019,3812019,CASTING,MF-8,MG STD,,,,BEST-FIT,2026-06-29,DEVELOPMENT,ACCEPTED WITH REMARK,,
334,MG2026WLS00334,HONDA,MFPL,RAKSHITA TONSHAL,MANGESH DESHMUKH,D. C. PANDIT,CYLINDER BLOCK,12101-K0P-D000,CASTING,MF-1,ISO8062_CT-8,01,NPD Sample,,BEST-FIT,2026-07-01,DEVELOPMENT,ACCEPTED WITH REMARK,,
335,MG2026WLS00335,HERO,MFPL,SUMIT SABALE,MANGESH DESHMUKH,D. C. PANDIT,ACK CYL BLOCK,12101ACK0000010,FIN CORE BOX,HALF-2,ISO 8062,,CORE BOX,,BEST-FIT,2026-03-08,DEVELOPMENT,ACCEPTED WITH REMARK,,
336,MG2026WLS00336,TATA,MEPL U3,SUMIT SABALE,MANGESH DESHMUKH,MAHESH KARANDE,MANIFOLD 5706,5706,HPML PATTERN,COPE,ISO 8062,,,,BEST-FIT,2026-07-02,DEVELOPMENT,ACCEPTED WITH REMARK,,
337,MG2026WLS00337,TATA,MEPL U3,SUMIT SABALE,MANGESH DESHMUKH,MAHESH KARANDE,MANIFOLD 5706,5706,HPML PATTERN,DRAG,ISO 8062,,,,BEST-FIT,2026-07-02,DEVELOPMENT,ACCEPTED WITH REMARK,,
338,MG2026WLS00338,BAJAJ,MSL,SUMIT SABALE,MANGESH DESHMUKH,D. C. PANDIT,GRAB HANDLE REGULAR,GL231496,CASTING,M-1_1,ABS00002,,,,BEST-FIT,2026-07-04,DEVELOPMENT,ACCEPTED WITH REMARK,,
339,MG2026WLS00339,BAJAJ,MSL,SUMIT SABALE,MANGESH DESHMUKH,D. C. PANDIT,GRAB HANDLE REGULAR,GL231496,CASTING,M-1_2,ABS00002,,,,BEST-FIT,2026-07-04,DEVELOPMENT,ACCEPTED WITH REMARK,,
340,MG2026WLS00340,AWJ,DI,SUMIT SABALE,MANGESH DESHMUKH,A. K. AGRE,CRANKCASE 20195,20195,CASTING,DI-16,MG STD,,,,BEST-FIT,2026-07-08,DEVELOPMENT,ACCEPTED WITH REMARK,,
341,MG2026WLS00341,AWJ,DI,SUMIT SABALE,MANGESH DESHMUKH,A. K. AGRE,CRANKCASE 20196,20195,CASTING,DI-17,MG STD,,,,BEST-FIT,2026-07-08,DEVELOPMENT,ACCEPTED WITH REMARK,,
342,MG2026WLS00342,AWJ,DI,SUMIT SABALE,MANGESH DESHMUKH,A. K. AGRE,CRANKCASE 20197,20195,CASTING,DI-18,MG STD,,,,BEST-FIT,2026-07-08,DEVELOPMENT,ACCEPTED WITH REMARK,,
343,MG2026WLS00343,AWJ,DI,SUMIT SABALE,MANGESH DESHMUKH,A. K. AGRE,CRANKCASE 20198,20195,CASTING,DI-19,MG STD,,,,BEST-FIT,2026-07-08,DEVELOPMENT,ACCEPTED WITH REMARK,,
344,MG2026WLS00344,BAJAJ,MSL,RAKSHITA TONSHAL,MANGESH DESHMUKH,ANAND KHUSHWAHA,GRAB HANDLE-MIN,GL231487,CASTING,MSL-1,ABS00002,07,,,BEST-FIT,2026-07-09,DEVELOPMENT,ACCEPTED WITH REMARK,,
345,MG2026WLS00345,NAVISTAR,MEPL U3,SUMIT SABALE,MANGESH DESHMUKH,MAHESH KARANDE,MANIFOLD,611,PATTERN,COPE,ISO 8062,,,,BEST-FIT,2026-08-29,COMPARISON,ACCEPTED WITH REMARK,,
346,MG2026WLS00346,NAVISTAR,MEPL U3,SUMIT SABALE,MANGESH DESHMUKH,MAHESH KARANDE,MANIFOLD,611,PATTERN,DRAG,ISO 8062,,,,BEST-FIT,2026-08-29,COMPARISON,ACCEPTED WITH REMARK,,
347,MG2026WLS00347,NAVISTAR,MEPL U3,OM INGAWALE,MANGESH DESHMUKH,MAHESH KARANDE,CROSSMEMBER FRONT,3532950C4,PATTERN MASTER,COPE,MG STD,,CAD VS PATTERN MASTER SCANNED COMP,,BEST-FIT,2026-07-18,DEVELOPMENT,ACCEPTED WITH REMARK,,
348,MG2026WLS00348,NAVISTAR,MEPL U3,OM INGAWALE,MANGESH DESHMUKH,MAHESH KARANDE,CROSSMEMBER FRONT,3532950C4,PATTERN MASTER,DRAG,MG STD,,CAD VS PATTERN MASTER SCANNED COMP,,BEST-FIT,2026-07-18,DEVELOPMENT,ACCEPTED WITH REMARK,,
349,MG2026WLS00349,NAVISTAR,MFPL,RAKSHITA TONSHAL,MANGESH DESHMUKH,D. C. PANDIT,"LEVER, CLUTCH OFFSET ENG.",3812674C1,CAD COMPARISON,CUATOMER MACHINED VS MUTHA DRAFTED,MG STD,,,,BEST-FIT,2026-07-18,DEVELOPMENT,ACCEPTED WITH REMARK,,
350,MG2026WLS00350,HONDA,MFPL,SUMIT SABALE,MANGESH DESHMUKH,D. C. PANDIT,CYLINDER BLOCK,12101-K0P-D000,CASTING,MF-1_1,ISO8062CT9,1,CASTING,,BEST-FIT,2026-07-18,DEVELOPMENT,ACCEPTED WITH REMARK,,
351,MG2026WLS00351,HONDA,MFPL,SUMIT SABALE,MANGESH DESHMUKH,D. C. PANDIT,CYLINDER BLOCK,12101-K0P-D000,CASTING,MF-1_2,ISO8062CT9,1,CASTING,,BEST-FIT,2026-07-18,DEVELOPMENT,ACCEPTED WITH REMARK,,
352,MG2026WLS00352,HONDA,MFPL,SUMIT SABALE,MANGESH DESHMUKH,D. C. PANDIT,CYLINDER BLOCK,12101-K0P-D000,CASTING,MF-2_1,ISO8062CT9,1,CASTING,,BEST-FIT,2026-07-18,DEVELOPMENT,ACCEPTED WITH REMARK,,
353,MG2026WLS00353,HONDA,MFPL,SUMIT SABALE,MANGESH DESHMUKH,D. C. PANDIT,CYLINDER BLOCK,12101-K0P-D000,CASTING,MF-2_2,ISO8062CT9,1,CASTING,,BEST-FIT,2026-07-18,DEVELOPMENT,ACCEPTED WITH REMARK,,
354,MG2026WLS00354,HERO,MFPL,SUMIT SABALE,MANGESH DESHMUKH,D. C. PANDIT,CYLINDER BLOCK,12101-ACK-0000010,COPE PATTERN,CAD VS MODIFIED CAD COMP,MG STD,,CAD MODEL COMPARISON,,BEST-FIT,2026-07-19,DEVELOPMENT,ACCEPTED WITH REMARK,,
355,MG2026WLS00355,HERO,MFPL,SUMIT SABALE,MANGESH DESHMUKH,D. C. PANDIT,CYLINDER BLOCK,12101-ACK-0000010,DRAG PATTERN,CAD VS MODIFIED CAD COMP,MG STD,,CAD MODEL COMPARISON,,BEST-FIT,2026-07-19,DEVELOPMENT,ACCEPTED WITH REMARK,,
356,MG2026WLS00356,NAVISTAR,MEPL U3,SUMIT SABALE,MANGESH DESHMUKH,MAHESH KARANDE,CROSSMEMBER FRONT,3532950C4,CASTING,ME-1,,C4,CASTING,,BEST-FIT,2026-07-19,DEVELOPMENT,ACCEPTED WITH REMARK,,
357,MG2026WLS00357,HONDA,MFPL,SUMIT SABALE,MANGESH DESHMUKH,D. C. PANDIT,CYLINDER BLOCK,12101-K0P-D000,CASTING,MF-1_1,ISO8062CT9,1,CASTING,,BEST-FIT,2026-07-20,DEVELOPMENT,ACCEPTED WITH REMARK,,
358,MG2026WLS00358,HONDA,MFPL,SUMIT SABALE,MANGESH DESHMUKH,D. C. PANDIT,CYLINDER BLOCK,12101-K0P-D000,CASTING,MF-1_2,ISO8062CT9,1,CASTING,,BEST-FIT,2026-07-20,DEVELOPMENT,ACCEPTED WITH REMARK,,
359,MG2026WLS00359,HONDA,MFPL,SUMIT SABALE,MANGESH DESHMUKH,D. C. PANDIT,CYLINDER BLOCK,12101-K0P-D000,CASTING,MF-2_1,ISO8062CT9,1,CASTING,,BEST-FIT,2026-07-20,DEVELOPMENT,ACCEPTED WITH REMARK,,
360,MG2026WLS00360,HONDA,MFPL,SUMIT SABALE,MANGESH DESHMUKH,D. C. PANDIT,CYLINDER BLOCK,12101-K0P-D000,CASTING,MF-2_2,ISO8062CT9,1,CASTING,,BEST-FIT,2026-07-20,DEVELOPMENT,ACCEPTED WITH REMARK,,
361,MG2026WLS00361,HONDA,MFPL,RAKSHITA TONSHAL,MANGESH DESHMUKH,D. C. PANDIT,CYLINDER BLOCK,12101-K0P-D000,MAIN CORE BOX,HALF-1,MG STD,1,,,BEST-FIT,2026-07-20,DEVELOPMENT,ACCEPTED WITH REMARK,,
362,MG2026WLS00362,HONDA,MFPL,RAKSHITA TONSHAL,MANGESH DESHMUKH,D. C. PANDIT,CYLINDER BLOCK,12101-K0P-D000,MAIN CORE BOX,HALF-2,MG STD,1,,,BEST-FIT,2026-07-20,DEVELOPMENT,ACCEPTED WITH REMARK,,
363,MG2026WLS00363,HONDA,MFPL,RAKSHITA TONSHAL,MANGESH DESHMUKH,D. C. PANDIT,CYLINDER BLOCK,12101-K0P-D000,OIL GALLERY CB,HALF-1,MG STD,1,,,BEST-FIT,2026-07-20,DEVELOPMENT,ACCEPTED WITH REMARK,,
364,MG2026WLS00364,HONDA,MFPL,RAKSHITA TONSHAL,MANGESH DESHMUKH,D. C. PANDIT,CYLINDER BLOCK,12101-K0P-D000,OIL GALLERY CB,HALF-2,MG STD,1,,,BEST-FIT,2026-07-20,DEVELOPMENT,ACCEPTED WITH REMARK,,
365,MG2026WLS00365,HONDA,MFPL,RAKSHITA TONSHAL,MANGESH DESHMUKH,D. C. PANDIT,CYLINDER BLOCK,12101-K0P-D000,POCKET CORE BOX,HALF-1,MG STD,1,,,BEST-FIT,2026-07-20,DEVELOPMENT,ACCEPTED WITH REMARK,,
366,MG2026WLS00366,HONDA,MFPL,RAKSHITA TONSHAL,MANGESH DESHMUKH,D. C. PANDIT,CYLINDER BLOCK,12101-K0P-D000,POCKET CORE BOX,HALF-2,MG STD,1,,,BEST-FIT,2026-07-20,DEVELOPMENT,ACCEPTED WITH REMARK,,
367,MG2026WLS00367,HONDA,MFPL,RAKSHITA TONSHAL,MANGESH DESHMUKH,D. C. PANDIT,CYLINDER BLOCK,12101-K0P-D000,FIN CORE BOX,HALF-1,MG STD,1,,,BEST-FIT,2026-07-20,DEVELOPMENT,ACCEPTED WITH REMARK,,
368,MG2026WLS00368,HONDA,MFPL,RAKSHITA TONSHAL,MANGESH DESHMUKH,D. C. PANDIT,CYLINDER BLOCK,12101-K0P-D000,FIN CORE BOX,HALF-2,MG STD,1,,,BEST-FIT,2026-07-20,DEVELOPMENT,ACCEPTED WITH REMARK,,
369,MG2026WLS00369,HONDA,MFPL,RAKSHITA TONSHAL,MANGESH DESHMUKH,D. C. PANDIT,CYLINDER BLOCK,12101-K0P-D000,COPE PATTERN,MF-1,MG STD,1,,,BEST-FIT,2026-07-20,DEVELOPMENT,ACCEPTED WITH REMARK,,
370,MG2026WLS00370,HONDA,MFPL,RAKSHITA TONSHAL,MANGESH DESHMUKH,D. C. PANDIT,CYLINDER BLOCK,12101-K0P-D000,DRAG PATTERN,MF-1,MG STD,1,,,BEST-FIT,2026-07-20,DEVELOPMENT,ACCEPTED WITH REMARK,,
371,MG2026WLS00371,HONDA,MFPL,RAKSHITA TONSHAL,MANGESH DESHMUKH,D. C. PANDIT,CYLINDER BLOCK,12101-K0P-D000,COPE PATTERN,MF-2,MG STD,1,,,BEST-FIT,2026-07-20,DEVELOPMENT,ACCEPTED WITH REMARK,,
372,MG2026WLS00372,HONDA,MFPL,RAKSHITA TONSHAL,MANGESH DESHMUKH,D. C. PANDIT,CYLINDER BLOCK,12101-K0P-D000,DRAG PATTERN,MF-2,MG STD,1,,,BEST-FIT,2026-07-20,DEVELOPMENT,ACCEPTED WITH REMARK,,
373,MG2026WLS00373,BAJAJ,MFPL,RAKSHITA TONSHAL,MANGESH DESHMUKH,D. C. PANDIT,END CAP 396,344396,MAIN CORE BOX,HALF-1,MG STD,,,,BEST-FIT,2026-07-23,DEVELOPMENT,FOUND OK,,
374,MG2026WLS00374,BAJAJ,MFPL,RAKSHITA TONSHAL,MANGESH DESHMUKH,D. C. PANDIT,END CAP 396,344396,MAIN CORE BOX,HALF-2,MG STD,,,,BEST-FIT,2026-07-23,DEVELOPMENT,FOUND OK,,
375,MG2026WLS00375,BAJAJ,MFPL,RAKSHITA TONSHAL,MANGESH DESHMUKH,D. C. PANDIT,END CAP 396,344396,COPE PATTERN,MF-1,MG STD,,,,BEST-FIT,2026-07-23,DEVELOPMENT,FOUND OK,,
376,MG2026WLS00376,BAJAJ,MFPL,RAKSHITA TONSHAL,MANGESH DESHMUKH,D. C. PANDIT,END CAP 396,344396,DRAG PATTERN,MF-1,MG STD,,,,BEST-FIT,2026-07-23,DEVELOPMENT,FOUND OK,,
377,MG2026WLS00377,BAJAJ,MFPL,RAKSHITA TONSHAL,MANGESH DESHMUKH,D. C. PANDIT,END CAP 396,344396,COPE PATTERN,MF-2,MG STD,,,,BEST-FIT,2026-07-23,DEVELOPMENT,FOUND OK,,
378,MG2026WLS00378,BAJAJ,MFPL,RAKSHITA TONSHAL,MANGESH DESHMUKH,D. C. PANDIT,END CAP 396,344396,DRAG PATTERN,MF-2,MG STD,,,,BEST-FIT,2026-07-23,DEVELOPMENT,FOUND OK,,
379,MG2026WLS00379,NAVISTAR,MEPL U3,SUMIT SABALE,MANGESH DESHMUKH,MAHESH KARANDE,CROSS MEMBER FRONT,3532950C4,LOOSE PATTERN,ME-,MG STD,,,,BEST-FIT,2026-07-23,DEVELOPMENT,ACCEPTED WITH REMARK,,
380,MG2026WLS00380,BAJAJ,MFPL,RAKSHITA TONSHAL,MANGESH DESHMUKH,D. C. PANDIT,HUB,AF170061,CORE BOX,HALF-1,MG STD,,,,BEST-FIT,2026-07-24,DEVELOPMENT,FOUND OK,,
381,MG2026WLS00381,BAJAJ,MFPL,RAKSHITA TONSHAL,MANGESH DESHMUKH,D. C. PANDIT,HUB,AF170061,CORE BOX,HALF-2,MG STD,,,,BEST-FIT,2026-07-24,DEVELOPMENT,FOUND OK,,
382,MG2026WLS00382,BAJAJ,MFPL,RAKSHITA TONSHAL,MANGESH DESHMUKH,D. C. PANDIT,HUB,AF170061,COPE PATTERN,MF-1,MG STD,,,,BEST-FIT,2026-07-24,DEVELOPMENT,FOUND OK,,
383,MG2026WLS00383,BAJAJ,MFPL,RAKSHITA TONSHAL,MANGESH DESHMUKH,D. C. PANDIT,HUB,AF170061,DRAG PATTERN,MF-1,MG STD,,,,BEST-FIT,2026-07-24,DEVELOPMENT,FOUND OK,,
384,MG2026WLS00384,BAJAJ,MFPL,RAKSHITA TONSHAL,MANGESH DESHMUKH,D. C. PANDIT,HUB,AF170061,COPE PATTERN,MF-2,MG STD,,,,BEST-FIT,2026-07-24,DEVELOPMENT,FOUND OK,,
385,MG2026WLS00385,BAJAJ,MFPL,RAKSHITA TONSHAL,MANGESH DESHMUKH,D. C. PANDIT,HUB,AF170061,DRAG PATTERN,MF-2,MG STD,,,,BEST-FIT,2026-07-24,DEVELOPMENT,FOUND OK,,
386,MG2026WLS00386,HONDA,MFPL,RAKSHITA TONSHAL,MANGESH DESHMUKH,D. C. PANDIT,CYL. BLOCK,12101-K0P-D000,FIN CORE BOX,HALF-2,MG STD,,,,BEST-FIT,2026-07-25,DEVELOPMENT,FOUND OK,,
387,MG2026WLS00387,HERO,MFPL,SUMIT SABALE,MANGESH DESHMUKH,D. C. PANDIT,CYL. BLOCK,12101_GBG_D000,CASTING,MF-44_1,ISO 8062,,,,BEST-FIT,2026-07-26,DEVELOPMENT,ACCEPTED WITH REMARK,,
388,MG2026WLS00388,HERO,MFPL,SUMIT SABALE,MANGESH DESHMUKH,D. C. PANDIT,CYL. BLOCK,12101_GBG_D000,CASTING,MF-44_2,ISO 8062,,,,BEST-FIT,2026-07-26,DEVELOPMENT,ACCEPTED WITH REMARK,,
389,MG2026WLS00389,HERO,MFPL,SUMIT SABALE,MANGESH DESHMUKH,D. C. PANDIT,CYL. BLOCK,12101_GBG_D000,CASTING,MF-45_1,ISO 8062,,,,BEST-FIT,2026-07-26,DEVELOPMENT,ACCEPTED WITH REMARK,,
390,MG2026WLS00390,HERO,MFPL,SUMIT SABALE,MANGESH DESHMUKH,D. C. PANDIT,CYL. BLOCK,12101_GBG_D000,CASTING,MF-45_2,ISO 8062,,,,BEST-FIT,2026-07-26,DEVELOPMENT,ACCEPTED WITH REMARK,,
391,MG2026WLS00391,HONDA,MFPL,SUMIT SABALE,MANGESH DESHMUKH,D. C. PANDIT,CYL. BLOCK,12101-K0P-D000,CASTING,MF-1_1,ISO 8062 CT9,01,,,BEST-FIT,2026-07-28,DEVELOPMENT,ACCEPTED WITH REMARK,,
392,MG2026WLS00392,HONDA,MFPL,SUMIT SABALE,MANGESH DESHMUKH,D. C. PANDIT,CYL. BLOCK,12101-K0P-D000,CASTING,MF-1_2,ISO 8062 CT10,01,,,BEST-FIT,2026-07-28,DEVELOPMENT,ACCEPTED WITH REMARK,,
393,MG2026WLS00393,HONDA,MFPL,SUMIT SABALE,MANGESH DESHMUKH,D. C. PANDIT,CYL. BLOCK,12101-K0P-D000,CASTING,MF-2_1,ISO 8062 CT11,01,,,BEST-FIT,2026-07-28,DEVELOPMENT,ACCEPTED WITH REMARK,,
394,MG2026WLS00394,HONDA,MFPL,SUMIT SABALE,MANGESH DESHMUKH,D. C. PANDIT,CYL. BLOCK,12101-K0P-D000,CASTING,MF-2_2,ISO 8062 CT12,01,,,BEST-FIT,2026-07-28,DEVELOPMENT,ACCEPTED WITH REMARK,,
395,MG2026WLS00395,NAVISTAR,MEPL U3,SUMIT SABALE,MANGESH DESHMUKH,MAHESH KARANDE,CROSS MEMBER FRONT,3532950C4,PATTERN,DRAG,ISO 8062,,CAD COMPARISON,,BEST-FIT,2026-07-30,DEVELOPMENT,ACCEPTED WITH REMARK,,
396,MG2026WLS00396,NAVISTAR,MEPL U3,SUMIT SABALE,MANGESH DESHMUKH,MAHESH KARANDE,CROSS MEMBER FRONT,3532950C4,PATTERN,DRAG,ISO 8062,,CAD COMPARISON,,BEST-FIT,2026-07-30,DEVELOPMENT,ACCEPTED WITH REMARK,,
397,MG2026WLS00397,HERO,MFPL,SUMIT SABALE,MANGESH DESHMUKH,D. C. PANDIT,CYL. BLOCK,12101-GBG D000,CASTING,MF-42_1,ISO 8062 CT8,,AS CAST,,BEST-FIT,2026-07-31,DEVELOPMENT,ACCEPTED WITH REMARK,,
398,MG2026WLS00398,HERO,MFPL,SUMIT SABALE,MANGESH DESHMUKH,D. C. PANDIT,CYL. BLOCK,12101-GBG D000,CASTING,MF-43_2,ISO 8062 CT8,,AS CAST,,BEST-FIT,2026-07-31,DEVELOPMENT,ACCEPTED WITH REMARK,,
399,MG2026WLS00399,HERO,MFPL,OM INGAWALE,MANGESH DESHMUKH,D. C. PANDIT,CYL. BLOCK,12101ACK0000010,CASTING,MF-59_1,ISO 8062 CT8,,AS CAST,,BEST-FIT,2026-07-18,DEVELOPMENT,ACCEPTED WITH REMARK,,
400,MG2026WLS00400,HERO,MFPL,OM INGAWALE,MANGESH DESHMUKH,D. C. PANDIT,CYL. BLOCK,12101ACK0000009,CASTING,MF-60_1,ISO 8062 CT7,,AS CAST,,BEST-FIT,2026-07-17,DEVELOPMENT,ACCEPTED WITH REMARK,,
401,MG2026WLS00401,HERO,MFPL,OM INGAWALE,MANGESH DESHMUKH,D. C. PANDIT,CYL. BLOCK,12101ACK0000010,CASTING,MF-61_1,ISO 8062 CT8,,AS CAST,,BEST-FIT,2026-07-18,DEVELOPMENT,ACCEPTED WITH REMARK,,
402,MG2026WLS00402,HERO,MFPL,OM INGAWALE,MANGESH DESHMUKH,D. C. PANDIT,CYL. BLOCK,12101ACK0000010,CASTING,MF-62_1,ISO 8062 CT8,,AS CAST,,BEST-FIT,2026-07-18,DEVELOPMENT,ACCEPTED WITH REMARK,,
403,MG2026WLS00403,HERO,MFPL,OM INGAWALE,MANGESH DESHMUKH,D. C. PANDIT,CYL. BLOCK,12101ACK0000010,CASTING,MF-59_2,ISO 8062 CT8,,AS CAST,,BEST-FIT,2026-07-18,DEVELOPMENT,ACCEPTED WITH REMARK,,
404,MG2026WLS00404,HERO,MFPL,OM INGAWALE,MANGESH DESHMUKH,D. C. PANDIT,CYL. BLOCK,12101ACK0000010,CASTING,MF-60_2,ISO 8062 CT8,,AS CAST,,BEST-FIT,2026-07-18,DEVELOPMENT,ACCEPTED WITH REMARK,,
405,MG2026WLS00405,HERO,MFPL,OM INGAWALE,MANGESH DESHMUKH,D. C. PANDIT,CYL. BLOCK,12101ACK0000010,CASTING,MF-61_2,ISO 8062 CT8,,AS CAST,,BEST-FIT,2026-07-18,DEVELOPMENT,ACCEPTED WITH REMARK,,
406,MG2026WLS00406,HERO,MFPL,OM INGAWALE,MANGESH DESHMUKH,D. C. PANDIT,CYL. BLOCK,12101ACK0000010,CASTING,MF-62_2,ISO 8062 CT8,,AS CAST,,BEST-FIT,2026-07-18,DEVELOPMENT,ACCEPTED WITH REMARK,,
407,MG2026WLS00407,HERO,MFPL,OM INGAWALE,MANGESH DESHMUKH,D. C. PANDIT,CYL. BLOCK,12101ACK0000010,CASTING,MF-55_2,ISO 8062 CT8,,AS CAST,,BEST-FIT,2026-07-18,DEVELOPMENT,ACCEPTED WITH REMARK,,
408,MG2026WLS00408,BAJAJ,MFPL,RAKSHITA TONSHAL,MANGESH DESHMUKH,D. C. PANDIT,HUB,AF170061,CASTING,MF-2,ABS00002,00,AS CAST,,BEST-FIT,2026-07-18,DEVELOPMENT,ACCEPTED WITH REMARK,,
409,MG2026WLS00409,BAJAJ,MFPL,RAKSHITA TONSHAL,MANGESH DESHMUKH,D. C. PANDIT,HUB,AF170061,CASTING,MF-1,ABS00002,00,AS CAST,,BEST-FIT,2026-08-06,DEVELOPMENT,ACCEPTED WITH REMARK,,
410,MG2026WLS00410,BAJAJ,MFPL,SUMIT SABALE,MANGESH DESHMUKH,D. C. PANDIT,MANIFOLD 9045,BB109045,CASTING,ME-5,ABS00002,,AS CAST,,BEST-FIT,2026-09-12,DEVELOPMENT,ACCEPTED WITH REMARK,,
411,MG2026WLS00411,BAJAJ,MFPL,SUMIT SABALE,MANGESH DESHMUKH,D. C. PANDIT,MANIFOLD 9045,BB109045,CASTING,ME-6,ABS00002,,AS CAST,,BEST-FIT,2026-09-12,DEVELOPMENT,ACCEPTED WITH REMARK,,
412,MG2026WLS00412,TATA,MEPL U3,SUMIT SABALE,MANGESH DESHMUKH,MAHESH KARANDE,MANIFOLD 3708,278914113708,CASTING,ME-7,TS12125 GTB15,,AS CAST,,BEST-FIT,2026-08-01,DEVELOPMENT,ACCEPTED WITH REMARK,,
413,MG2026WLS00413,TATA,MEPL U3,SUMIT SABALE,MANGESH DESHMUKH,MAHESH KARANDE,MANIFOLD 3708,278914113708,CASTING,ME-8,TS12125 GTB15,,AS CAST,,BEST-FIT,2026-08-01,DEVELOPMENT,ACCEPTED WITH REMARK,,
414,MG2026WLS00414,TATA,MEPL U3,SUMIT SABALE,MANGESH DESHMUKH,MAHESH KARANDE,MANIFOLD 3708,278914113708,CASTING,ME-9,TS12125 GTB15,,AS CAST,,BEST-FIT,2026-08-01,DEVELOPMENT,ACCEPTED WITH REMARK,,
415,MG2026WLS00415,HAMM,UNIT-3,SUMIT SABALE,MANGESH DESHMUKH,MAHESH KARANDE,RING SEGMENT,2325231,CASTING,ME-1,ISO 8062 CT11,,AS CAST,,BEST-FIT,2026-08-03,DEVELOPMENT,ACCEPTED WITH REMARK,,
416,MG2026WLS00416,HAMM,UNIT-3,SUMIT SABALE,MANGESH DESHMUKH,MAHESH KARANDE,RING SEGMENT,2325231,CASTING,ME-2,ISO 8062 CT11,,AS CAST,,BEST-FIT,2026-08-03,DEVELOPMENT,ACCEPTED WITH REMARK,,
417,MG2026WLS00417,HAMM,UNIT-3,SUMIT SABALE,MANGESH DESHMUKH,MAHESH KARANDE,RING SEGMENT,2325231,CASTING,ME-3,ISO 8062 CT11,,AS CAST,,BEST-FIT,2026-08-03,DEVELOPMENT,ACCEPTED WITH REMARK,,
418,MG2026WLS00418,TECUMSEH,DI,RAKSHITA TONSHAL,MANGESH DESHMUKH,AUTL AGRE,AWJ CRANKCASE,20195,CASTING,DI-12,MG STD,,,,BEST-FIT,,DEVELOPMENT,ACCEPTED WITH REMARK,,
419,MG2026WLS00419,TECUMSEH,DI,RAKSHITA TONSHAL,MANGESH DESHMUKH,AUTL AGRE,AWJ CRANKCASE,20195,CASTING,DI-13,MG STD,,,,BEST-FIT,,DEVELOPMENT,ACCEPTED WITH REMARK,,
420,MG2026WLS00420,TECUMSEH,DI,RAKSHITA TONSHAL,MANGESH DESHMUKH,AUTL AGRE,AWJ CRANKCASE,20195,CASTING,D-14,MG STD,,,,BEST-FIT,,DEVELOPMENT,ACCEPTED WITH REMARK,,
421,MG2026WLS00421,TECUMSEH,DI,RAKSHITA TONSHAL,MANGESH DESHMUKH,AUTL AGRE,AWJ CRANKCASE,20195,CASTING,D-15,MG STD,,,,BEST-FIT,,DEVELOPMENT,ACCEPTED WITH REMARK,,
422,MG2026WLS00422,BAJAJ,MFPL,RAKSHITA TONSHAL,MANGESH DESHMUKH,D. C. PANDIT,MANIFOLD 9045,BB109045,COPE PATTERN,MF-5,ISO 8062,,,,BEST-FIT,,DEVELOPMENT,ACCEPTED WITH REMARK,,
423,MG2026WLS00423,BAJAJ,MFPL,RAKSHITA TONSHAL,MANGESH DESHMUKH,D. C. PANDIT,MANIFOLD 9045,BB109045,COPE PATTERN,MF-5,ISO 8062,,,,BEST-FIT,,DEVELOPMENT,ACCEPTED WITH REMARK,,
424,MG2026WLS00424,BAJAJ,MFPL,RAKSHITA TONSHAL,MANGESH DESHMUKH,D. C. PANDIT,MANIFOLD 9045,BB109045,COPE PATTERN,MF-6,ISO 8062,,,,BEST-FIT,,DEVELOPMENT,ACCEPTED WITH REMARK,,
425,MG2026WLS00425,BAJAJ,MFPL,RAKSHITA TONSHAL,MANGESH DESHMUKH,D. C. PANDIT,MANIFOLD 9045,BB109045,COPE PATTERN,MF-6,ISO 8062,,,,BEST-FIT,,DEVELOPMENT,ACCEPTED WITH REMARK,,
426,MG2026WLS00426,BAJAJ,MFPL,RAKSHITA TONSHAL,MANGESH DESHMUKH,D. C. PANDIT,MANIFOLD 9045,MANIFOLD 9045,MAIN CORE BOX,MOVING HALF,ISO 8062,,,,BEST-FIT,,DEVELOPMENT,ACCEPTED WITH REMARK,,
427,MG2026WLS00427,BAJAJ,MFPL,RAKSHITA TONSHAL,MANGESH DESHMUKH,D. C. PANDIT,MANIFOLD 9045,MANIFOLD 9045,MAIN CORE BOX,MOVING HALF,ISO 8062,,,,BEST-FIT,,DEVELOPMENT,ACCEPTED WITH REMARK,,
428,MG2026WLS00428,BAJAJ,MFPL,RAKSHITA TONSHAL,MANGESH DESHMUKH,D. C. PANDIT,MANIFOLD 9045,MANIFOLD 9045,MAIN CORE BOX,MOVING HALF,ISO 8062,,,,BEST-FIT,,DEVELOPMENT,ACCEPTED WITH REMARK,,
429,MG2026WLS00429,BAJAJ,MFPL,RAKSHITA TONSHAL,MANGESH DESHMUKH,D. C. PANDIT,KUBOTA CYL HEAD,BB103042,JACKET CORE BOX,FIX HALF,ISO 8062,,,,BEST-FIT,2026-08-10,DEVELOPMENT,ACCEPTED WITH REMARK,,
430,MG2026WLS00430,BAJAJ,MFPL,RAKSHITA TONSHAL,MANGESH DESHMUKH,D. C. PANDIT,KUBOTA CYL HEAD,BB103042,JACKET CORE BOX,MOVING HALF,ISO 8062,,,,BEST-FIT,2026-08-10,DEVELOPMENT,ACCEPTED WITH REMARK,,
431,MG2026WLS00431,HERO ,MFPL,RAKSHITA TONSHAL,MANGESH DESHMUKH,D. C. PANDIT,CYL. BLOCK KCC,12101-GBG-D000,PATTERN,MF-48,ISO 8062,,,,BEST-FIT,2026-08-12,DEVELOPMENT,ACCEPTED WITH REMARK,,
432,MG2026WLS00432,HERO ,MFPL,RAKSHITA TONSHAL,MANGESH DESHMUKH,D. C. PANDIT,CYL. BLOCK KCC,12101-GBG-D000,PATTERN,MF-48,ISO 8062,,,,BEST-FIT,2026-08-12,DEVELOPMENT,ACCEPTED WITH REMARK,,
433,MG2026WLS00433,HERO ,MFPL,RAKSHITA TONSHAL,MANGESH DESHMUKH,D. C. PANDIT,CYL. BLOCK KCC,12101-GBG-D000,PATTERN,MF-49,ISO 8062,,,,BEST-FIT,2026-08-12,DEVELOPMENT,ACCEPTED WITH REMARK,,
434,MG2026WLS00434,HERO ,MFPL,RAKSHITA TONSHAL,MANGESH DESHMUKH,D. C. PANDIT,CYL. BLOCK KCC,12101-GBG-D000,PATTERN,MF-49,ISO 8062,,,,BEST-FIT,2026-08-12,DEVELOPMENT,ACCEPTED WITH REMARK,,
435,MG2026WLS00435,BAJAJ,MFPL,SUMIT SABALE,MANGESH DESHMUKH,D. C. PANDIT,KUBOTA CYL HEAD,BB103042,CORE BOX,FIX HALF,ISO 8062,,,,BEST-FIT,2026-08-09,DEVELOPMENT,ACCEPTED WITH REMARK,,
436,MG2026WLS00436,BAJAJ,MFPL,SUMIT SABALE,MANGESH DESHMUKH,D. C. PANDIT,KUBOTA CYL HEAD,BB103042,CORE BOX,MOVING HALF,ISO 8062,,,,BEST-FIT,2026-08-09,DEVELOPMENT,ACCEPTED WITH REMARK,,
437,MG2026WLS00437,BAJAJ,MFPL,SUMIT SABALE,MANGESH DESHMUKH,D. C. PANDIT,KUBOTA CYL HEAD,BB103042,CASTING,MF-3,ABS00002,,,,BEST-FIT,2026-08-09,DEVELOPMENT,ACCEPTED WITH REMARK,,
438,MG2026WLS00438,BAJAJ,MFPL,SUMIT SABALE,MANGESH DESHMUKH,D. C. PANDIT,KUBOTA CYL HEAD,BB103042,CASTING,MF-4,ABS00002,,,,BEST-FIT,2026-08-09,DEVELOPMENT,ACCEPTED WITH REMARK,,
439,MG2026WLS00439,TATA,MEPL U3,SUMIT SABALE,MANGESH DESHMUKH,MAHESH KARANDE,PULLY 7003,570623127003,CAD COMPARISON,E vs G REV.,ISO 8062,,,,BEST-FIT,2026-08-19,DEVELOPMENT,ACCEPTED WITH REMARK,,
440,MG2026WLS00440,NAVISTAR,MEPL U3,SUMIT SABALE,MANGESH DESHMUKH,MAHESH KARANDE,CROSS MEMBER FRONT,3532950C4,PATTERN,ME-1,ISO 8062,,,,BEST-FIT,2026-08-20,DEVELOPMENT,ACCEPTED WITH REMARK,,
441,MG2026WLS00441,NAVISTAR,MEPL U3,SUMIT SABALE,MANGESH DESHMUKH,MAHESH KARANDE,CROSS MEMBER FRONT,3532950C4,PATTERN,ME-2,ISO 8062,,,,BEST-FIT,2026-08-20,DEVELOPMENT,ACCEPTED WITH REMARK,,
442,MG2026WLS00442,NAVISTAR,MEPL U3,SUMIT SABALE,MANGESH DESHMUKH,MAHESH KARANDE,CROSS MEMBER FRONT,3532950C4,PATTERN,ME-3,ISO 8062,,,,BEST-FIT,2026-08-20,DEVELOPMENT,ACCEPTED WITH REMARK,,
443,MG2026WLS00443,NAVISTAR,MEPL U3,SUMIT SABALE,MANGESH DESHMUKH,MAHESH KARANDE,CROSS MEMBER FRONT,3532950C4,PATTERN,ME-4,ISO 8062,,,,BEST-FIT,2026-08-20,DEVELOPMENT,ACCEPTED WITH REMARK,,
444,MG2026WLS00444,NAVISTAR,MEPL U3,SUMIT SABALE,MANGESH DESHMUKH,MAHESH KARANDE,CROSS MEMBER FRONT,3532950C4,PATTERN,ME-5,ISO 8062,,,,BEST-FIT,2026-08-20,DEVELOPMENT,ACCEPTED WITH REMARK,,
445,MG2026WLS00445,NAVISTAR,MEPL U3,SUMIT SABALE,MANGESH DESHMUKH,MAHESH KARANDE,CROSS MEMBER FRONT,3532950C4,PATTERN,ME-6,ISO 8062,,,,BEST-FIT,2026-08-20,DEVELOPMENT,ACCEPTED WITH REMARK,,
446,MG2026WLS00446,BAJAJ,MSL,SUMIT SABALE,MANGESH DESHMUKH,HARSHAD GHUTUKADE,HEAD CYLINDER 236CC,AF101908,CASTING,M1C1,ABS00002,,,,BEST-FIT,2026-08-22,DEVELOPMENT,ACCEPTED WITH REMARK,,
447,MG2026WLS00447,BAJAJ,MSL,SUMIT SABALE,MANGESH DESHMUKH,HARSHAD GHUTUKADE,HEAD CYLINDER 236CC,AF101908,CASTING,M1C2,ABS00002,,,,BEST-FIT,2026-08-22,DEVELOPMENT,ACCEPTED WITH REMARK,,
448,MG2026WLS00448,BAJAJ,MSL,SUMIT SABALE,MANGESH DESHMUKH,HARSHAD GHUTUKADE,HEAD CYLINDER 236CC,AF101908,CASTING,M1C3,ABS00002,,,,BEST-FIT,2026-08-22,DEVELOPMENT,ACCEPTED WITH REMARK,,
449,MG2026WLS00449,BAJAJ,MSL,SUMIT SABALE,MANGESH DESHMUKH,HARSHAD GHUTUKADE,HEAD CYLINDER 236CC,AF101908,CASTING,M1C4,ABS00002,,,,BEST-FIT,2026-08-22,DEVELOPMENT,ACCEPTED WITH REMARK,,
450,MG2026WLS00450,BAJAJ,MFPL,SUMIT SABALE,MANGESH DESHMUKH,D. C. PANDIT,MANIFOLD EXHAUST 9045 ,BB109045,CASTING,MF-6_1,ABS00002,,,,BEST-FIT,2026-08-23,DEVELOPMENT,ACCEPTED WITH REMARK,,
451,MG2026WLS00451,BAJAJ,MFPL,SUMIT SABALE,MANGESH DESHMUKH,D. C. PANDIT,MANIFOLD EXHAUST 9045 ,BB109045,CASTING,MF-5_1,ABS00002,,,,BEST-FIT,2026-08-23,DEVELOPMENT,ACCEPTED WITH REMARK,,
452,MG2026WLS00452,BAJAJ,MFPL,SUMIT SABALE,MANGESH DESHMUKH,D. C. PANDIT,MANIFOLD EXHAUST 9045 ,BB109045,CASTING,MF-6_2,ABS00002,,,,BEST-FIT,2026-08-23,DEVELOPMENT,ACCEPTED WITH REMARK,,
453,MG2026WLS00453,BAJAJ,MFPL,SUMIT SABALE,MANGESH DESHMUKH,D. C. PANDIT,MANIFOLD EXHAUST 9045 ,BB109045,CASTING,MF-5_2,ABS00002,,,,BEST-FIT,2026-08-23,DEVELOPMENT,ACCEPTED WITH REMARK,,
454,MG2026WLS00454,NAVISTAR,MEPL U3,SUMIT SABALE,MANGESH DESHMUKH,MAHESH KARANDE,CROSS MEMBER FRONT,3532950C4,CASTING,ME-1,ISO 8062_CT 9,C4,,,BEST-FIT,2026-08-24,DEVELOPMENT,ACCEPTED WITH REMARK,,
456,MG2026WLS00456,NAVISTAR,MEPL U3,SUMIT SABALE,MANGESH DESHMUKH,MAHESH KARANDE,CROSS MEMBER FRONT,3532950C4,CASTING,ME-2,ISO 8062_CT 9,C4,,,BEST-FIT,2026-08-24,DEVELOPMENT,ACCEPTED WITH REMARK,,
457,MG2026WLS00457,NAVISTAR,MEPL U3,SUMIT SABALE,MANGESH DESHMUKH,MAHESH KARANDE,CROSS MEMBER FRONT,3532950C4,CASTING,ME-3,ISO 8062_CT 9,C4,,,BEST-FIT,2026-08-24,DEVELOPMENT,ACCEPTED WITH REMARK,,
458,MG2026WLS00458,NAVISTAR,MEPL U3,SUMIT SABALE,MANGESH DESHMUKH,MAHESH KARANDE,CROSS MEMBER FRONT,3532950C4,CASTING,ME-4,ISO 8062_CT 9,C4,,,BEST-FIT,2026-08-24,DEVELOPMENT,ACCEPTED WITH REMARK,,
459,MG2026WLS00459,NAVISTAR,MEPL U3,SUMIT SABALE,MANGESH DESHMUKH,MAHESH KARANDE,CROSS MEMBER FRONT,3532950C4,CASTING,ME-5,ISO 8062_CT 9,C4,,,BEST-FIT,2026-08-24,DEVELOPMENT,ACCEPTED WITH REMARK,,
460,MG2026WLS00460,NAVISTAR,MEPL U3,SUMIT SABALE,MANGESH DESHMUKH,MAHESH KARANDE,CROSS MEMBER FRONT,3532950C4,CASTING,ME-6,ISO 8062_CT 9,C4,,,BEST-FIT,2026-08-24,DEVELOPMENT,ACCEPTED WITH REMARK,,
461,MG2026WLS00461,TVS,DI,SUMIT SABALE,MANGESH DESHMUKH,A. K. AGRE,BRAK DRUM,GE110140,CASTING,DI-2,_,,,,BEST-FIT,2026-08-30,REJECTION ANALYSIS,ACCEPTED WITH REMARK,,
462,MG2026WLS00462,TVS,RE (vendor),SUMIT SABALE,MANGESH DESHMUKH,A. K. AGRE,BRAK DRUM,GE110140,CASTING,REv3,_,,,,BEST-FIT,2026-08-30,REJECTION ANALYSIS,ACCEPTED WITH REMARK,,
463,MG2026WLS00463,TVS,DI,SUMIT SABALE,MANGESH DESHMUKH,A. K. AGRE,BRAK DRUM,GE110140,DI vs RE COMPARISON,DI-2 vs REv3,_,,,,BEST-FIT,2026-08-30,REJECTION ANALYSIS,ACCEPTED WITH REMARK,,
464,MG2026WLS00464,BAJAJ,MFPL,SUMIT SABALE,MANGESH DESHMUKH,D. C. PANDIT,MANIFOLD EXHAUST,BB109045,CASTING,MF-5_1,ISO 8062_CT 9,,,,BEST-FIT,2026-09-06,DEVELOPMENT,ACCEPTED WITH REMARK,,
465,MG2026WLS00465,BAJAJ,MFPL,SUMIT SABALE,MANGESH DESHMUKH,D. C. PANDIT,MANIFOLD EXHAUST,BB109045,CASTING,MF-5_2,ISO 8062_CT 9,,,,BEST-FIT,2026-09-06,DEVELOPMENT,ACCEPTED WITH REMARK,,
466,MG2026WLS00466,BAJAJ,MFPL,SUMIT SABALE,MANGESH DESHMUKH,D. C. PANDIT,MANIFOLD EXHAUST,BB109045,CASTING,MF-6_1,ISO 8062_CT 9,,,,BEST-FIT,2026-09-06,DEVELOPMENT,ACCEPTED WITH REMARK,,
467,MG2026WLS00467,BAJAJ,MFPL,SUMIT SABALE,MANGESH DESHMUKH,D. C. PANDIT,MANIFOLD EXHAUST,BB109045,CASTING,MF-6_2,ISO 8062_CT 9,,,,BEST-FIT,2026-09-06,DEVELOPMENT,ACCEPTED WITH REMARK,,
468,MG2026WLS00468,HERO,MFPL,SUMIT SABALE,MANGESH DESHMUKH,D. C. PANDIT,ACK CYL BLOCK,12101ACK0000010,CASTING,MF-34,ISO 8062_CT 9,,,,BEST-FIT,2026-09-02,DEVELOPMENT,ACCEPTED WITH REMARK,,
469,MG2026WLS00469,BAJAJ,MFPL,SUMIT SABALE,MANGESH DESHMUKH,D. C. PANDIT,MANIFOLD,BB109045,PATTERN,COPE MF-5,ISO 8062,,,,BEST-FIT,2026-09-09,DEVELOPMENT,ACCEPTED WITH REMARK,,
470,MG2026WLS00470,BAJAJ,MFPL,SUMIT SABALE,MANGESH DESHMUKH,D. C. PANDIT,MANIFOLD,BB109045,PATTERN,COPE MF-6,ISO 8062,,,,BEST-FIT,2026-09-09,DEVELOPMENT,ACCEPTED WITH REMARK,,
471,MG2026WLS00471,HERO,MFPL,SUMIT SABALE,MANGESH DESHMUKH,D. C. PANDIT,ACK CYL BLOCK,12101ACK0000010,PATTERN,COPE MF-65,ISO 8062,,,,BEST-FIT,2026-09-20,DEVELOPMENT,ACCEPTED WITH REMARK,,
472,MG2026WLS00472,HERO,MFPL,SUMIT SABALE,MANGESH DESHMUKH,D. C. PANDIT,ACK CYL BLOCK,12101ACK0000010,PATTERN,DRAG MF-65,ISO 8062,,,,BEST-FIT,2026-09-20,DEVELOPMENT,ACCEPTED WITH REMARK,,
473,MG2026WLS00473,HERO,MFPL,SUMIT SABALE,MANGESH DESHMUKH,D. C. PANDIT,ACK CYL BLOCK,12101ACK0000010,PATTERN,COPE MF-66,ISO 8062,,,,BEST-FIT,2026-09-20,DEVELOPMENT,ACCEPTED WITH REMARK,,
474,MG2026WLS00474,HERO,MFPL,SUMIT SABALE,MANGESH DESHMUKH,D. C. PANDIT,ACK CYL BLOCK,12101ACK0000010,PATTERN,DRAG MF-66,ISO 8062,,,,BEST-FIT,2026-09-20,DEVELOPMENT,ACCEPTED WITH REMARK,,
475,MG2026WLS00475,TVS,MFPL,SUMIT SABALE,MANGESH DESHMUKH,D. C. PANDIT,KS CYL. BLOCK,,PATTERN,COPE MF-1,ISO 8062,,,,BEST-FIT,2026-09-26,DEVELOPMENT,ACCEPTED WITH REMARK,,
476,MG2026WLS00476,TVS,MFPL,SUMIT SABALE,MANGESH DESHMUKH,D. C. PANDIT,KS CYL. BLOCK,,PATTERN,DRAG MF-1,ISO 8062,,,,BEST-FIT,2026-09-26,DEVELOPMENT,ACCEPTED WITH REMARK,,
477,MG2026WLS00477,TVS,MFPL,SUMIT SABALE,MANGESH DESHMUKH,D. C. PANDIT,KS CYL. BLOCK,,PATTERN,COPE MF-2,ISO 8062,,,,BEST-FIT,2026-09-26,DEVELOPMENT,ACCEPTED WITH REMARK,,
478,MG2026WLS00478,TVS,MFPL,SUMIT SABALE,MANGESH DESHMUKH,D. C. PANDIT,KS CYL. BLOCK,,PATTERN,DRAG MF-2,ISO 8062,,,,BEST-FIT,2026-09-26,DEVELOPMENT,ACCEPTED WITH REMARK,,
479,MG2026WLS00479,BAJAJ,MSL,SUMIT SABALE,MANGESH DESHMUKH,HARSHAD GHUTUKADE,CYL. BLOCK,AF101910,CASTING,M1,ABS00002,,,,BEST-FIT,2026-09-26,DEVELOPMENT,ACCEPTED WITH REMARK,,
480,MG2026WLS00480,BAJAJ,MSL,SUMIT SABALE,MANGESH DESHMUKH,ANAND KHUSHWAHA,CYL. BLOCK,AF101910,CORE BOX,FIX HALF,ABS00002,01,,,BEST-FIT,2026-10-01,DEVELOPMENT,ACCEPTED WITH REMARK,,
481,MG2026WLS00481,BAJAJ,MSL,SUMIT SABALE,MANGESH DESHMUKH,ANAND KHUSHWAHA,CYL. BLOCK,AF101910,CORE BOX,MOVING HALF,ABS00002,01,,,BEST-FIT,2026-10-01,DEVELOPMENT,ACCEPTED WITH REMARK,,
482,MG2026WLS00482,HERO,MFPL,SUMIT SABALE,MANGESH DESHMUKH,D. C. PANDIT,ACK CYL BLOCK,12101ACK0000010,CASTING,MF-41,ISO 8062 CT8,,,,BEST-FIT,2026-10-02,DEVELOPMENT,ACCEPTED WITH REMARK,,
483,MG2026WLS00483,HERO,MFPL,SUMIT SABALE,MANGESH DESHMUKH,D. C. PANDIT,ACK CYL BLOCK,12101ACK0000010,CASTING,MF-42,ISO 8062 CT8,,,,BEST-FIT,2026-10-02,DEVELOPMENT,ACCEPTED WITH REMARK,,
484,MG2026WLS00484,HERO,MFPL,SUMIT SABALE,MANGESH DESHMUKH,D. C. PANDIT,ACK CYL BLOCK,12101ACK0000010,CASTING,MF-43,ISO 8062 CT8,,,,BEST-FIT,2026-10-02,DEVELOPMENT,ACCEPTED WITH REMARK,,
485,MG2026WLS00485,HERO,MFPL,SUMIT SABALE,MANGESH DESHMUKH,D. C. PANDIT,ACK CYL BLOCK,12101ACK0000010,CASTING,MF-44,ISO 8062 CT8,,,,BEST-FIT,2026-10-02,DEVELOPMENT,ACCEPTED WITH REMARK,,
486,MG2026WLS00486,BAJAJ,MEPL U3,SUMIT SABALE,MANGESH DESHMUKH,MAHESH KARANDE,HUB REAR RE-60,BF 131758,CORE BOX,HALF-1,ISO 8062,,,,BEST-FIT,2026-10-03,DEVELOPMENT,FOUND OK,,
487,MG2026WLS00487,BAJAJ,MEPL U3,SUMIT SABALE,MANGESH DESHMUKH,MAHESH KARANDE,HUB REAR RE-60,BF 131758,CORE BOX,HALF-2,ISO 8062,,,,BEST-FIT,2026-10-03,DEVELOPMENT,FOUND OK,,
488,MG2026WLS00488,BAJAJ,MEPL U3,SUMIT SABALE,MANGESH DESHMUKH,MAHESH KARANDE,HUB REAR RE-60,BF 131758,PATTERN,COPE,ISO 8062,,,,BEST-FIT,2026-10-04,DEVELOPMENT,ACCEPTED WITH REMARK,,
489,MG2026WLS00489,BAJAJ,MEPL U3,SUMIT SABALE,MANGESH DESHMUKH,MAHESH KARANDE,HUB REAR RE-60,BF 131758,PATTERN,DRAG,ISO 8062,,,,BEST-FIT,2026-10-04,DEVELOPMENT,ACCEPTED WITH REMARK,,
490,MG2026WLS00490,BAJAJ,MEPL U3,SUMIT SABALE,MANGESH DESHMUKH,MAHESH KARANDE,FWH 1136,24171136,CASTING,ME-1,ABS00002,,,,BEST-FIT,2026-10-05,DEVELOPMENT,ACCEPTED WITH REMARK,,
491,MG2026WLS00491,BAJAJ,MEPL U3,SUMIT SABALE,MANGESH DESHMUKH,MAHESH KARANDE,FWH 1136,24171136,CASTING,ME-2,ABS00002,,,,BEST-FIT,2026-10-05,DEVELOPMENT,ACCEPTED WITH REMARK,,
492,MG2026WLS00492,BAJAJ,MEPL U3,SUMIT SABALE,MANGESH DESHMUKH,MAHESH KARANDE,FWH 1136,24171136,CASTING,ME-3,ABS00002,,,,BEST-FIT,2026-10-05,DEVELOPMENT,ACCEPTED WITH REMARK,,
493,MG2026WLS00493,BAJAJ,MEPL U3,SUMIT SABALE,MANGESH DESHMUKH,MAHESH KARANDE,FWH 1136,24171136,CASTING,ME-4,ABS00002,,,,BEST-FIT,2026-10-05,DEVELOPMENT,ACCEPTED WITH REMARK,,
494,MG2026WLS00494,,,,MANGESH DESHMUKH,,,,,,,,,,,,,,,
495,MG2026WLS00495,,,,MANGESH DESHMUKH,,,,,,,,,,,,,,,
496,MG2026WLS00496,,,,MANGESH DESHMUKH,,,,,,,,,,,,,,,
497,MG2026WLS00497,,,,MANGESH DESHMUKH,,,,,,,,,,,,,,,
498,MG2026WLS00498,,,,MANGESH DESHMUKH,,,,,,,,,,,,,,,
499,MG2026WLS00499,,,,MANGESH DESHMUKH,,,,,,,,,,,,,,,
500,MG2026WLS00500,,,,MANGESH DESHMUKH,,,,,,,,,,,,,,,
